USE app;

INSERT INTO `merchant` (`id`, `display_name`, `icon_url`, `funny_gif_url`) VALUES (1, 'reiciendis', 'http://www.emmerichboyle.com/', 'http://kutch.biz/');
INSERT INTO `merchant` (`id`, `display_name`, `icon_url`, `funny_gif_url`) VALUES (2, 'quo', 'http://www.kuvaliskulas.info/', 'http://hirthe.biz/');
INSERT INTO `merchant` (`id`, `display_name`, `icon_url`, `funny_gif_url`) VALUES (3, 'voluptas', 'http://www.herzog.com/', 'http://www.marquardt.com/');
INSERT INTO `merchant` (`id`, `display_name`, `icon_url`, `funny_gif_url`) VALUES (4, 'corporis', 'http://handsawayn.com/', 'http://www.kihnbailey.com/');
INSERT INTO `merchant` (`id`, `display_name`, `icon_url`, `funny_gif_url`) VALUES (5, 'voluptatem', 'http://www.ortiz.com/', 'http://www.wolf.com/');
INSERT INTO `merchant` (`id`, `display_name`, `icon_url`, `funny_gif_url`) VALUES (6, 'perferendis', 'http://hettinger.com/', 'http://jast.com/');
INSERT INTO `merchant` (`id`, `display_name`, `icon_url`, `funny_gif_url`) VALUES (7, 'quisquam', 'http://www.zieme.com/', 'http://johnstonullrich.com/');
INSERT INTO `merchant` (`id`, `display_name`, `icon_url`, `funny_gif_url`) VALUES (8, 'dolore', 'http://wiza.biz/', 'http://www.koch.com/');
INSERT INTO `merchant` (`id`, `display_name`, `icon_url`, `funny_gif_url`) VALUES (9, 'fuga', 'http://white.biz/', 'http://pouros.net/');
INSERT INTO `merchant` (`id`, `display_name`, `icon_url`, `funny_gif_url`) VALUES (10, 'quo', 'http://www.witting.info/', 'http://langoshnicolas.com/');
INSERT INTO `merchant` (`id`, `display_name`, `icon_url`, `funny_gif_url`) VALUES (11, 'vero', 'http://www.krajcik.com/', 'http://www.hartmannjakubowski.or');
INSERT INTO `merchant` (`id`, `display_name`, `icon_url`, `funny_gif_url`) VALUES (12, 'fugit', 'http://nienowmarquardt.com/', 'http://kihn.info/');
INSERT INTO `merchant` (`id`, `display_name`, `icon_url`, `funny_gif_url`) VALUES (13, 'ea', 'http://simonis.com/', 'http://hagenes.info/');
INSERT INTO `merchant` (`id`, `display_name`, `icon_url`, `funny_gif_url`) VALUES (14, 'eos', 'http://www.torphy.info/', 'http://www.greenholt.com/');
INSERT INTO `merchant` (`id`, `display_name`, `icon_url`, `funny_gif_url`) VALUES (15, 'quisquam', 'http://www.lynch.com/', 'http://www.welch.info/');
INSERT INTO `merchant` (`id`, `display_name`, `icon_url`, `funny_gif_url`) VALUES (16, 'labore', 'http://cartwright.info/', 'http://www.romagueranolan.com/');
INSERT INTO `merchant` (`id`, `display_name`, `icon_url`, `funny_gif_url`) VALUES (17, 'eum', 'http://www.rolfsongreenholt.com/', 'http://mertzschoen.biz/');
INSERT INTO `merchant` (`id`, `display_name`, `icon_url`, `funny_gif_url`) VALUES (18, 'veniam', 'http://www.haag.com/', 'http://www.stromanschroeder.com/');
INSERT INTO `merchant` (`id`, `display_name`, `icon_url`, `funny_gif_url`) VALUES (19, 'consequatur', 'http://yundt.biz/', 'http://huelsdicki.net/');
INSERT INTO `merchant` (`id`, `display_name`, `icon_url`, `funny_gif_url`) VALUES (20, 'mollitia', 'http://www.kshlerinemmerich.com/', 'http://www.konopelskikuhn.biz/');

INSERT INTO `user` (`id`, `first_name`, `last_name`) VALUES (1, 'Henry', 'Stoltenberg');
INSERT INTO `user` (`id`, `first_name`, `last_name`) VALUES (2, 'Desiree', 'Greenfelder');
INSERT INTO `user` (`id`, `first_name`, `last_name`) VALUES (3, 'Saul', 'Champlin');
INSERT INTO `user` (`id`, `first_name`, `last_name`) VALUES (4, 'Norwood', 'Prosacco');
INSERT INTO `user` (`id`, `first_name`, `last_name`) VALUES (5, 'Izaiah', 'Reichert');
INSERT INTO `user` (`id`, `first_name`, `last_name`) VALUES (6, 'Jeffery', 'Lueilwitz');
INSERT INTO `user` (`id`, `first_name`, `last_name`) VALUES (7, 'Demarcus', 'Yost');
INSERT INTO `user` (`id`, `first_name`, `last_name`) VALUES (8, 'Augustus', 'Ritchie');
INSERT INTO `user` (`id`, `first_name`, `last_name`) VALUES (9, 'Russell', 'Gottlieb');
INSERT INTO `user` (`id`, `first_name`, `last_name`) VALUES (10, 'Christelle', 'Cummerata');
INSERT INTO `user` (`id`, `first_name`, `last_name`) VALUES (11, 'Ricky', 'Hodkiewicz');
INSERT INTO `user` (`id`, `first_name`, `last_name`) VALUES (12, 'Emely', 'Price');
INSERT INTO `user` (`id`, `first_name`, `last_name`) VALUES (13, 'Aleen', 'Schmidt');
INSERT INTO `user` (`id`, `first_name`, `last_name`) VALUES (14, 'Maximillian', 'Waters');
INSERT INTO `user` (`id`, `first_name`, `last_name`) VALUES (15, 'Jedediah', 'Hodkiewicz');
INSERT INTO `user` (`id`, `first_name`, `last_name`) VALUES (16, 'Mitchel', 'Gleason');
INSERT INTO `user` (`id`, `first_name`, `last_name`) VALUES (17, 'Rosie', 'Parker');
INSERT INTO `user` (`id`, `first_name`, `last_name`) VALUES (18, 'Emie', 'Glover');
INSERT INTO `user` (`id`, `first_name`, `last_name`) VALUES (19, 'Duane', 'Dickens');
INSERT INTO `user` (`id`, `first_name`, `last_name`) VALUES (20, 'Cassie', 'Rolfson');
INSERT INTO `user` (`id`, `first_name`, `last_name`) VALUES (21, 'Alanis', 'Daugherty');
INSERT INTO `user` (`id`, `first_name`, `last_name`) VALUES (22, 'Annamarie', 'Cruickshank');
INSERT INTO `user` (`id`, `first_name`, `last_name`) VALUES (23, 'Gerry', 'Sanford');
INSERT INTO `user` (`id`, `first_name`, `last_name`) VALUES (24, 'Agustin', 'Kertzmann');
INSERT INTO `user` (`id`, `first_name`, `last_name`) VALUES (25, 'Sibyl', 'Adams');
INSERT INTO `user` (`id`, `first_name`, `last_name`) VALUES (26, 'Theodora', 'Hauck');
INSERT INTO `user` (`id`, `first_name`, `last_name`) VALUES (27, 'Kellie', 'Funk');
INSERT INTO `user` (`id`, `first_name`, `last_name`) VALUES (28, 'Zoey', 'Sanford');
INSERT INTO `user` (`id`, `first_name`, `last_name`) VALUES (29, 'Josephine', 'Bednar');
INSERT INTO `user` (`id`, `first_name`, `last_name`) VALUES (30, 'Zoe', 'Jacobi');
INSERT INTO `user` (`id`, `first_name`, `last_name`) VALUES (31, 'Jayme', 'Kerluke');
INSERT INTO `user` (`id`, `first_name`, `last_name`) VALUES (32, 'Carlos', 'Barton');
INSERT INTO `user` (`id`, `first_name`, `last_name`) VALUES (33, 'Hattie', 'King');
INSERT INTO `user` (`id`, `first_name`, `last_name`) VALUES (34, 'Wilma', 'Armstrong');
INSERT INTO `user` (`id`, `first_name`, `last_name`) VALUES (35, 'Brionna', 'Stanton');
INSERT INTO `user` (`id`, `first_name`, `last_name`) VALUES (36, 'Barney', 'Volkman');
INSERT INTO `user` (`id`, `first_name`, `last_name`) VALUES (37, 'Dedric', 'Jacobson');
INSERT INTO `user` (`id`, `first_name`, `last_name`) VALUES (38, 'Trisha', 'Kautzer');
INSERT INTO `user` (`id`, `first_name`, `last_name`) VALUES (39, 'Sigmund', 'Berge');
INSERT INTO `user` (`id`, `first_name`, `last_name`) VALUES (40, 'Orval', 'Abbott');
INSERT INTO `user` (`id`, `first_name`, `last_name`) VALUES (41, 'Jordane', 'Jenkins');
INSERT INTO `user` (`id`, `first_name`, `last_name`) VALUES (42, 'Issac', 'Kerluke');
INSERT INTO `user` (`id`, `first_name`, `last_name`) VALUES (43, 'Chris', 'Hilll');
INSERT INTO `user` (`id`, `first_name`, `last_name`) VALUES (44, 'Tomas', 'Haley');
INSERT INTO `user` (`id`, `first_name`, `last_name`) VALUES (45, 'Brain', 'Watsica');
INSERT INTO `user` (`id`, `first_name`, `last_name`) VALUES (46, 'Candida', 'Hilpert');
INSERT INTO `user` (`id`, `first_name`, `last_name`) VALUES (47, 'Bridget', 'Rodriguez');
INSERT INTO `user` (`id`, `first_name`, `last_name`) VALUES (48, 'Zula', 'Toy');
INSERT INTO `user` (`id`, `first_name`, `last_name`) VALUES (49, 'Shaina', 'Keebler');
INSERT INTO `user` (`id`, `first_name`, `last_name`) VALUES (50, 'Lawson', 'Hermann');


INSERT INTO `transaction` (`id`, `user_id`, `date`, `amount`, `description`, `merchant_id`) VALUES (1, 46, '2020-09-18 03:18:18', '44.52', NULL, 10);
INSERT INTO `transaction` (`id`, `user_id`, `date`, `amount`, `description`, `merchant_id`) VALUES (2, 29, '2020-09-24 07:30:41', '69.81', NULL, 16);
INSERT INTO `transaction` (`id`, `user_id`, `date`, `amount`, `description`, `merchant_id`) VALUES (3, 25, '2020-10-03 05:48:51', '34.17', NULL, 6);
INSERT INTO `transaction` (`id`, `user_id`, `date`, `amount`, `description`, `merchant_id`) VALUES (4, 5, '2020-09-11 17:44:27', '2.03', NULL, 8);
INSERT INTO `transaction` (`id`, `user_id`, `date`, `amount`, `description`, `merchant_id`) VALUES (5, 31, '2020-10-02 20:46:44', '43.79', NULL, 5);
INSERT INTO `transaction` (`id`, `user_id`, `date`, `amount`, `description`, `merchant_id`) VALUES (6, 14, '2020-09-07 05:29:07', '72.57', NULL, 11);
INSERT INTO `transaction` (`id`, `user_id`, `date`, `amount`, `description`, `merchant_id`) VALUES (7, 14, '2020-09-21 19:48:18', '69.96', NULL, 13);
INSERT INTO `transaction` (`id`, `user_id`, `date`, `amount`, `description`, `merchant_id`) VALUES (8, 29, '2020-09-13 15:19:49', '35.95', NULL, 18);
INSERT INTO `transaction` (`id`, `user_id`, `date`, `amount`, `description`, `merchant_id`) VALUES (9, 37, '2020-09-28 20:50:55', '79.24', NULL, 13);
INSERT INTO `transaction` (`id`, `user_id`, `date`, `amount`, `description`, `merchant_id`) VALUES (10, 43, '2020-09-26 19:41:06', '67.83', NULL, 6);
INSERT INTO `transaction` (`id`, `user_id`, `date`, `amount`, `description`, `merchant_id`) VALUES (11, 49, '2020-09-16 17:55:05', '19.64', NULL, 20);
INSERT INTO `transaction` (`id`, `user_id`, `date`, `amount`, `description`, `merchant_id`) VALUES (12, 8, '2020-09-22 14:40:05', '70.01', NULL, 7);
INSERT INTO `transaction` (`id`, `user_id`, `date`, `amount`, `description`, `merchant_id`) VALUES (13, 13, '2020-09-15 06:55:37', '57.57', NULL, 5);
INSERT INTO `transaction` (`id`, `user_id`, `date`, `amount`, `description`, `merchant_id`) VALUES (14, 37, '2020-09-08 03:59:19', '60.59', NULL, 9);
INSERT INTO `transaction` (`id`, `user_id`, `date`, `amount`, `description`, `merchant_id`) VALUES (15, 32, '2020-09-09 04:45:19', '43.16', NULL, 8);
INSERT INTO `transaction` (`id`, `user_id`, `date`, `amount`, `description`, `merchant_id`) VALUES (16, 16, '2020-09-08 16:23:44', '54.98', NULL, 11);
INSERT INTO `transaction` (`id`, `user_id`, `date`, `amount`, `description`, `merchant_id`) VALUES (17, 43, '2020-09-29 21:42:27', '95.89', NULL, 18);
INSERT INTO `transaction` (`id`, `user_id`, `date`, `amount`, `description`, `merchant_id`) VALUES (18, 16, '2020-10-02 10:50:58', '11.84', NULL, 7);
INSERT INTO `transaction` (`id`, `user_id`, `date`, `amount`, `description`, `merchant_id`) VALUES (19, 8, '2020-09-22 23:48:07', '58.81', NULL, 9);
INSERT INTO `transaction` (`id`, `user_id`, `date`, `amount`, `description`, `merchant_id`) VALUES (20, 36, '2020-09-13 06:24:19', '76.13', NULL, 16);
INSERT INTO `transaction` (`id`, `user_id`, `date`, `amount`, `description`, `merchant_id`) VALUES (21, 32, '2020-09-20 00:54:07', '38.02', NULL, 20);
INSERT INTO `transaction` (`id`, `user_id`, `date`, `amount`, `description`, `merchant_id`) VALUES (22, 14, '2020-09-26 23:45:12', '47.57', NULL, 19);
INSERT INTO `transaction` (`id`, `user_id`, `date`, `amount`, `description`, `merchant_id`) VALUES (23, 31, '2020-10-02 17:15:41', '3.32', NULL, 17);
INSERT INTO `transaction` (`id`, `user_id`, `date`, `amount`, `description`, `merchant_id`) VALUES (24, 39, '2020-10-04 16:48:58', '56.56', NULL, 8);
INSERT INTO `transaction` (`id`, `user_id`, `date`, `amount`, `description`, `merchant_id`) VALUES (25, 23, '2020-09-24 17:33:11', '36.06', NULL, 13);
INSERT INTO `transaction` (`id`, `user_id`, `date`, `amount`, `description`, `merchant_id`) VALUES (26, 32, '2020-09-24 21:00:08', '20.96', NULL, 9);
INSERT INTO `transaction` (`id`, `user_id`, `date`, `amount`, `description`, `merchant_id`) VALUES (27, 29, '2020-09-21 16:44:26', '39.01', NULL, 16);
INSERT INTO `transaction` (`id`, `user_id`, `date`, `amount`, `description`, `merchant_id`) VALUES (28, 38, '2020-09-17 21:49:42', '75.62', NULL, 17);
INSERT INTO `transaction` (`id`, `user_id`, `date`, `amount`, `description`, `merchant_id`) VALUES (29, 1, '2020-09-23 05:28:16', '65.50', NULL, 10);
INSERT INTO `transaction` (`id`, `user_id`, `date`, `amount`, `description`, `merchant_id`) VALUES (30, 13, '2020-09-08 18:43:00', '72.54', NULL, 13);
INSERT INTO `transaction` (`id`, `user_id`, `date`, `amount`, `description`, `merchant_id`) VALUES (31, 44, '2020-09-25 03:43:36', '82.68', NULL, 12);
INSERT INTO `transaction` (`id`, `user_id`, `date`, `amount`, `description`, `merchant_id`) VALUES (32, 10, '2020-10-03 05:30:08', '70.00', NULL, 15);
INSERT INTO `transaction` (`id`, `user_id`, `date`, `amount`, `description`, `merchant_id`) VALUES (33, 23, '2020-09-23 13:23:58', '12.04', NULL, 10);
INSERT INTO `transaction` (`id`, `user_id`, `date`, `amount`, `description`, `merchant_id`) VALUES (34, 4, '2020-09-23 14:24:44', '16.71', NULL, 12);
INSERT INTO `transaction` (`id`, `user_id`, `date`, `amount`, `description`, `merchant_id`) VALUES (35, 46, '2020-09-19 04:13:02', '45.30', NULL, 16);
INSERT INTO `transaction` (`id`, `user_id`, `date`, `amount`, `description`, `merchant_id`) VALUES (36, 18, '2020-09-22 13:49:15', '69.21', NULL, 11);
INSERT INTO `transaction` (`id`, `user_id`, `date`, `amount`, `description`, `merchant_id`) VALUES (37, 39, '2020-09-30 05:05:13', '52.47', NULL, 13);
INSERT INTO `transaction` (`id`, `user_id`, `date`, `amount`, `description`, `merchant_id`) VALUES (38, 23, '2020-09-08 04:44:14', '35.31', NULL, 8);
INSERT INTO `transaction` (`id`, `user_id`, `date`, `amount`, `description`, `merchant_id`) VALUES (39, 24, '2020-10-05 15:23:46', '3.41', NULL, 5);
INSERT INTO `transaction` (`id`, `user_id`, `date`, `amount`, `description`, `merchant_id`) VALUES (40, 37, '2020-09-14 10:02:45', '69.78', NULL, 19);
INSERT INTO `transaction` (`id`, `user_id`, `date`, `amount`, `description`, `merchant_id`) VALUES (41, 41, '2020-09-12 08:12:54', '55.67', NULL, 8);
INSERT INTO `transaction` (`id`, `user_id`, `date`, `amount`, `description`, `merchant_id`) VALUES (42, 18, '2020-09-13 19:06:47', '60.63', NULL, 8);
INSERT INTO `transaction` (`id`, `user_id`, `date`, `amount`, `description`, `merchant_id`) VALUES (43, 7, '2020-09-22 03:32:17', '46.55', NULL, 3);
INSERT INTO `transaction` (`id`, `user_id`, `date`, `amount`, `description`, `merchant_id`) VALUES (44, 10, '2020-09-07 01:08:13', '63.63', NULL, 3);
INSERT INTO `transaction` (`id`, `user_id`, `date`, `amount`, `description`, `merchant_id`) VALUES (45, 30, '2020-09-06 12:18:53', '28.39', NULL, 9);
INSERT INTO `transaction` (`id`, `user_id`, `date`, `amount`, `description`, `merchant_id`) VALUES (46, 40, '2020-10-04 13:17:07', '57.84', NULL, 10);
INSERT INTO `transaction` (`id`, `user_id`, `date`, `amount`, `description`, `merchant_id`) VALUES (47, 1, '2020-10-05 19:26:00', '63.94', NULL, 20);
INSERT INTO `transaction` (`id`, `user_id`, `date`, `amount`, `description`, `merchant_id`) VALUES (48, 11, '2020-09-29 02:41:33', '43.22', NULL, 10);
INSERT INTO `transaction` (`id`, `user_id`, `date`, `amount`, `description`, `merchant_id`) VALUES (49, 24, '2020-09-14 00:28:52', '33.09', NULL, 6);
INSERT INTO `transaction` (`id`, `user_id`, `date`, `amount`, `description`, `merchant_id`) VALUES (50, 4, '2020-10-02 00:32:41', '12.77', NULL, 8);
INSERT INTO `transaction` (`id`, `user_id`, `date`, `amount`, `description`, `merchant_id`) VALUES (51, 4, '2020-09-06 11:15:55', '32.96', NULL, 9);
INSERT INTO `transaction` (`id`, `user_id`, `date`, `amount`, `description`, `merchant_id`) VALUES (52, 46, '2020-09-24 01:47:11', '39.47', NULL, 17);
INSERT INTO `transaction` (`id`, `user_id`, `date`, `amount`, `description`, `merchant_id`) VALUES (53, 4, '2020-09-24 08:34:04', '14.54', NULL, 8);
INSERT INTO `transaction` (`id`, `user_id`, `date`, `amount`, `description`, `merchant_id`) VALUES (54, 11, '2020-09-23 16:18:19', '15.24', NULL, 11);
INSERT INTO `transaction` (`id`, `user_id`, `date`, `amount`, `description`, `merchant_id`) VALUES (55, 29, '2020-09-30 16:42:59', '37.36', NULL, 19);
INSERT INTO `transaction` (`id`, `user_id`, `date`, `amount`, `description`, `merchant_id`) VALUES (56, 23, '2020-09-14 01:31:16', '87.97', NULL, 8);
INSERT INTO `transaction` (`id`, `user_id`, `date`, `amount`, `description`, `merchant_id`) VALUES (57, 16, '2020-09-24 06:55:49', '31.55', NULL, 17);
INSERT INTO `transaction` (`id`, `user_id`, `date`, `amount`, `description`, `merchant_id`) VALUES (58, 38, '2020-09-10 09:12:10', '61.33', NULL, 10);
INSERT INTO `transaction` (`id`, `user_id`, `date`, `amount`, `description`, `merchant_id`) VALUES (59, 47, '2020-09-19 06:25:49', '57.16', NULL, 19);
INSERT INTO `transaction` (`id`, `user_id`, `date`, `amount`, `description`, `merchant_id`) VALUES (60, 30, '2020-09-06 04:59:21', '84.29', NULL, 11);
INSERT INTO `transaction` (`id`, `user_id`, `date`, `amount`, `description`, `merchant_id`) VALUES (61, 19, '2020-10-04 12:47:14', '67.81', NULL, 8);
INSERT INTO `transaction` (`id`, `user_id`, `date`, `amount`, `description`, `merchant_id`) VALUES (62, 50, '2020-09-13 12:21:59', '47.93', NULL, 8);
INSERT INTO `transaction` (`id`, `user_id`, `date`, `amount`, `description`, `merchant_id`) VALUES (63, 18, '2020-09-17 19:58:34', '48.48', NULL, 4);
INSERT INTO `transaction` (`id`, `user_id`, `date`, `amount`, `description`, `merchant_id`) VALUES (64, 44, '2020-09-24 13:03:11', '19.07', NULL, 17);
INSERT INTO `transaction` (`id`, `user_id`, `date`, `amount`, `description`, `merchant_id`) VALUES (65, 24, '2020-09-09 16:16:14', '10.28', NULL, 19);
INSERT INTO `transaction` (`id`, `user_id`, `date`, `amount`, `description`, `merchant_id`) VALUES (66, 10, '2020-10-03 07:49:20', '69.63', NULL, 11);
INSERT INTO `transaction` (`id`, `user_id`, `date`, `amount`, `description`, `merchant_id`) VALUES (67, 19, '2020-09-23 03:57:32', '71.14', NULL, 2);
INSERT INTO `transaction` (`id`, `user_id`, `date`, `amount`, `description`, `merchant_id`) VALUES (68, 19, '2020-09-26 06:10:51', '85.09', NULL, 9);
INSERT INTO `transaction` (`id`, `user_id`, `date`, `amount`, `description`, `merchant_id`) VALUES (69, 23, '2020-09-18 14:51:24', '24.58', NULL, 12);
INSERT INTO `transaction` (`id`, `user_id`, `date`, `amount`, `description`, `merchant_id`) VALUES (70, 49, '2020-09-23 12:19:12', '84.43', NULL, 1);
INSERT INTO `transaction` (`id`, `user_id`, `date`, `amount`, `description`, `merchant_id`) VALUES (71, 27, '2020-09-11 07:55:26', '55.86', NULL, 9);
INSERT INTO `transaction` (`id`, `user_id`, `date`, `amount`, `description`, `merchant_id`) VALUES (72, 20, '2020-09-13 19:28:27', '70.14', NULL, 17);
INSERT INTO `transaction` (`id`, `user_id`, `date`, `amount`, `description`, `merchant_id`) VALUES (73, 12, '2020-10-04 08:40:09', '40.98', NULL, 3);
INSERT INTO `transaction` (`id`, `user_id`, `date`, `amount`, `description`, `merchant_id`) VALUES (74, 15, '2020-10-05 13:25:49', '46.07', NULL, 4);
INSERT INTO `transaction` (`id`, `user_id`, `date`, `amount`, `description`, `merchant_id`) VALUES (75, 3, '2020-10-05 14:38:06', '81.85', NULL, 18);
INSERT INTO `transaction` (`id`, `user_id`, `date`, `amount`, `description`, `merchant_id`) VALUES (76, 34, '2020-10-03 14:52:44', '46.60', NULL, 9);
INSERT INTO `transaction` (`id`, `user_id`, `date`, `amount`, `description`, `merchant_id`) VALUES (77, 14, '2020-09-08 19:46:24', '77.41', NULL, 14);
INSERT INTO `transaction` (`id`, `user_id`, `date`, `amount`, `description`, `merchant_id`) VALUES (78, 42, '2020-09-30 02:59:05', '3.86', NULL, 13);
INSERT INTO `transaction` (`id`, `user_id`, `date`, `amount`, `description`, `merchant_id`) VALUES (79, 43, '2020-10-02 11:03:05', '58.67', NULL, 14);
INSERT INTO `transaction` (`id`, `user_id`, `date`, `amount`, `description`, `merchant_id`) VALUES (80, 22, '2020-09-07 20:21:44', '96.51', NULL, 7);
INSERT INTO `transaction` (`id`, `user_id`, `date`, `amount`, `description`, `merchant_id`) VALUES (81, 32, '2020-09-15 13:28:36', '17.09', NULL, 13);
INSERT INTO `transaction` (`id`, `user_id`, `date`, `amount`, `description`, `merchant_id`) VALUES (82, 44, '2020-10-02 18:25:39', '86.72', NULL, 20);
INSERT INTO `transaction` (`id`, `user_id`, `date`, `amount`, `description`, `merchant_id`) VALUES (83, 36, '2020-09-13 09:42:18', '8.71', NULL, 5);
INSERT INTO `transaction` (`id`, `user_id`, `date`, `amount`, `description`, `merchant_id`) VALUES (84, 22, '2020-09-14 19:53:10', '79.52', NULL, 4);
INSERT INTO `transaction` (`id`, `user_id`, `date`, `amount`, `description`, `merchant_id`) VALUES (85, 41, '2020-09-09 14:38:16', '21.82', NULL, 8);
INSERT INTO `transaction` (`id`, `user_id`, `date`, `amount`, `description`, `merchant_id`) VALUES (86, 10, '2020-09-28 19:43:13', '77.58', NULL, 7);
INSERT INTO `transaction` (`id`, `user_id`, `date`, `amount`, `description`, `merchant_id`) VALUES (87, 41, '2020-09-24 06:56:12', '28.89', NULL, 12);
INSERT INTO `transaction` (`id`, `user_id`, `date`, `amount`, `description`, `merchant_id`) VALUES (88, 10, '2020-09-18 04:32:51', '80.90', NULL, 2);
INSERT INTO `transaction` (`id`, `user_id`, `date`, `amount`, `description`, `merchant_id`) VALUES (89, 36, '2020-09-17 13:20:12', '69.23', NULL, 10);
INSERT INTO `transaction` (`id`, `user_id`, `date`, `amount`, `description`, `merchant_id`) VALUES (90, 11, '2020-09-16 02:05:14', '20.17', NULL, 16);
INSERT INTO `transaction` (`id`, `user_id`, `date`, `amount`, `description`, `merchant_id`) VALUES (91, 19, '2020-09-26 19:42:56', '68.00', NULL, 18);
INSERT INTO `transaction` (`id`, `user_id`, `date`, `amount`, `description`, `merchant_id`) VALUES (92, 10, '2020-10-02 18:48:38', '15.79', NULL, 13);
INSERT INTO `transaction` (`id`, `user_id`, `date`, `amount`, `description`, `merchant_id`) VALUES (93, 28, '2020-09-17 19:29:09', '48.09', NULL, 1);
INSERT INTO `transaction` (`id`, `user_id`, `date`, `amount`, `description`, `merchant_id`) VALUES (94, 14, '2020-09-28 17:38:23', '47.92', NULL, 9);
INSERT INTO `transaction` (`id`, `user_id`, `date`, `amount`, `description`, `merchant_id`) VALUES (95, 36, '2020-09-27 16:07:41', '61.38', NULL, 14);
INSERT INTO `transaction` (`id`, `user_id`, `date`, `amount`, `description`, `merchant_id`) VALUES (96, 38, '2020-09-29 23:58:29', '90.45', NULL, 7);
INSERT INTO `transaction` (`id`, `user_id`, `date`, `amount`, `description`, `merchant_id`) VALUES (97, 16, '2020-09-08 05:47:53', '93.49', NULL, 13);
INSERT INTO `transaction` (`id`, `user_id`, `date`, `amount`, `description`, `merchant_id`) VALUES (98, 17, '2020-10-03 12:20:01', '35.79', NULL, 1);
INSERT INTO `transaction` (`id`, `user_id`, `date`, `amount`, `description`, `merchant_id`) VALUES (99, 44, '2020-09-07 09:08:09', '72.63', NULL, 16);
INSERT INTO `transaction` (`id`, `user_id`, `date`, `amount`, `description`, `merchant_id`) VALUES (100, 10, '2020-09-20 00:13:38', '95.37', NULL, 14);
INSERT INTO `transaction` (`id`, `user_id`, `date`, `amount`, `description`, `merchant_id`) VALUES (101, 8, '2020-09-16 11:24:50', '83.50', NULL, 8);
INSERT INTO `transaction` (`id`, `user_id`, `date`, `amount`, `description`, `merchant_id`) VALUES (102, 1, '2020-09-18 23:54:34', '6.72', NULL, 20);
INSERT INTO `transaction` (`id`, `user_id`, `date`, `amount`, `description`, `merchant_id`) VALUES (103, 47, '2020-09-16 15:22:44', '72.67', NULL, 4);
INSERT INTO `transaction` (`id`, `user_id`, `date`, `amount`, `description`, `merchant_id`) VALUES (104, 2, '2020-10-03 15:49:38', '38.91', NULL, 13);
INSERT INTO `transaction` (`id`, `user_id`, `date`, `amount`, `description`, `merchant_id`) VALUES (105, 34, '2020-09-19 03:26:07', '48.14', NULL, 5);
INSERT INTO `transaction` (`id`, `user_id`, `date`, `amount`, `description`, `merchant_id`) VALUES (106, 21, '2020-09-28 02:22:07', '81.88', NULL, 2);
INSERT INTO `transaction` (`id`, `user_id`, `date`, `amount`, `description`, `merchant_id`) VALUES (107, 7, '2020-09-23 10:43:31', '49.16', NULL, 13);
INSERT INTO `transaction` (`id`, `user_id`, `date`, `amount`, `description`, `merchant_id`) VALUES (108, 36, '2020-09-10 03:41:18', '49.94', NULL, 14);
INSERT INTO `transaction` (`id`, `user_id`, `date`, `amount`, `description`, `merchant_id`) VALUES (109, 32, '2020-09-25 18:20:24', '46.59', NULL, 20);
INSERT INTO `transaction` (`id`, `user_id`, `date`, `amount`, `description`, `merchant_id`) VALUES (110, 6, '2020-09-07 01:29:31', '74.26', NULL, 7);
INSERT INTO `transaction` (`id`, `user_id`, `date`, `amount`, `description`, `merchant_id`) VALUES (111, 34, '2020-09-17 02:11:29', '49.77', NULL, 18);
INSERT INTO `transaction` (`id`, `user_id`, `date`, `amount`, `description`, `merchant_id`) VALUES (112, 34, '2020-09-11 22:58:33', '45.13', NULL, 20);
INSERT INTO `transaction` (`id`, `user_id`, `date`, `amount`, `description`, `merchant_id`) VALUES (113, 25, '2020-09-08 00:07:02', '90.47', NULL, 20);
INSERT INTO `transaction` (`id`, `user_id`, `date`, `amount`, `description`, `merchant_id`) VALUES (114, 50, '2020-09-27 08:41:51', '64.27', NULL, 8);
INSERT INTO `transaction` (`id`, `user_id`, `date`, `amount`, `description`, `merchant_id`) VALUES (115, 38, '2020-10-05 17:33:56', '58.78', NULL, 4);
INSERT INTO `transaction` (`id`, `user_id`, `date`, `amount`, `description`, `merchant_id`) VALUES (116, 2, '2020-09-24 16:59:56', '86.31', NULL, 19);
INSERT INTO `transaction` (`id`, `user_id`, `date`, `amount`, `description`, `merchant_id`) VALUES (117, 27, '2020-09-17 20:18:42', '99.52', NULL, 1);
INSERT INTO `transaction` (`id`, `user_id`, `date`, `amount`, `description`, `merchant_id`) VALUES (118, 44, '2020-09-18 08:03:32', '91.26', NULL, 10);
INSERT INTO `transaction` (`id`, `user_id`, `date`, `amount`, `description`, `merchant_id`) VALUES (119, 13, '2020-09-19 08:35:47', '25.08', NULL, 19);
INSERT INTO `transaction` (`id`, `user_id`, `date`, `amount`, `description`, `merchant_id`) VALUES (120, 6, '2020-10-04 15:06:58', '53.95', NULL, 19);
INSERT INTO `transaction` (`id`, `user_id`, `date`, `amount`, `description`, `merchant_id`) VALUES (121, 8, '2020-09-26 13:47:05', '15.26', NULL, 11);
INSERT INTO `transaction` (`id`, `user_id`, `date`, `amount`, `description`, `merchant_id`) VALUES (122, 49, '2020-09-25 04:08:56', '93.62', NULL, 6);
INSERT INTO `transaction` (`id`, `user_id`, `date`, `amount`, `description`, `merchant_id`) VALUES (123, 7, '2020-09-30 03:22:00', '27.23', NULL, 14);
INSERT INTO `transaction` (`id`, `user_id`, `date`, `amount`, `description`, `merchant_id`) VALUES (124, 50, '2020-09-11 14:58:06', '12.17', NULL, 15);
INSERT INTO `transaction` (`id`, `user_id`, `date`, `amount`, `description`, `merchant_id`) VALUES (125, 33, '2020-10-04 12:15:00', '59.43', NULL, 2);
INSERT INTO `transaction` (`id`, `user_id`, `date`, `amount`, `description`, `merchant_id`) VALUES (126, 4, '2020-09-27 06:26:21', '47.06', NULL, 7);
INSERT INTO `transaction` (`id`, `user_id`, `date`, `amount`, `description`, `merchant_id`) VALUES (127, 49, '2020-09-08 15:22:14', '90.19', NULL, 15);
INSERT INTO `transaction` (`id`, `user_id`, `date`, `amount`, `description`, `merchant_id`) VALUES (128, 15, '2020-09-20 23:33:57', '97.53', NULL, 10);
INSERT INTO `transaction` (`id`, `user_id`, `date`, `amount`, `description`, `merchant_id`) VALUES (129, 37, '2020-09-27 01:30:55', '52.32', NULL, 6);
INSERT INTO `transaction` (`id`, `user_id`, `date`, `amount`, `description`, `merchant_id`) VALUES (130, 41, '2020-09-09 19:34:02', '51.94', NULL, 10);
INSERT INTO `transaction` (`id`, `user_id`, `date`, `amount`, `description`, `merchant_id`) VALUES (131, 23, '2020-09-27 14:00:28', '50.97', NULL, 18);
INSERT INTO `transaction` (`id`, `user_id`, `date`, `amount`, `description`, `merchant_id`) VALUES (132, 21, '2020-09-28 17:33:37', '61.52', NULL, 20);
INSERT INTO `transaction` (`id`, `user_id`, `date`, `amount`, `description`, `merchant_id`) VALUES (133, 45, '2020-09-15 11:35:47', '82.57', NULL, 6);
INSERT INTO `transaction` (`id`, `user_id`, `date`, `amount`, `description`, `merchant_id`) VALUES (134, 23, '2020-09-12 05:00:03', '45.24', NULL, 3);
INSERT INTO `transaction` (`id`, `user_id`, `date`, `amount`, `description`, `merchant_id`) VALUES (135, 10, '2020-10-03 02:42:02', '44.31', NULL, 12);
INSERT INTO `transaction` (`id`, `user_id`, `date`, `amount`, `description`, `merchant_id`) VALUES (136, 4, '2020-09-14 11:43:21', '68.76', NULL, 7);
INSERT INTO `transaction` (`id`, `user_id`, `date`, `amount`, `description`, `merchant_id`) VALUES (137, 5, '2020-09-08 15:18:41', '21.17', NULL, 1);
INSERT INTO `transaction` (`id`, `user_id`, `date`, `amount`, `description`, `merchant_id`) VALUES (138, 32, '2020-09-06 03:31:23', '33.38', NULL, 5);
INSERT INTO `transaction` (`id`, `user_id`, `date`, `amount`, `description`, `merchant_id`) VALUES (139, 36, '2020-09-29 02:43:28', '23.29', NULL, 13);
INSERT INTO `transaction` (`id`, `user_id`, `date`, `amount`, `description`, `merchant_id`) VALUES (140, 49, '2020-09-28 11:44:46', '81.13', NULL, 8);
INSERT INTO `transaction` (`id`, `user_id`, `date`, `amount`, `description`, `merchant_id`) VALUES (141, 36, '2020-09-25 21:05:38', '83.88', NULL, 1);
INSERT INTO `transaction` (`id`, `user_id`, `date`, `amount`, `description`, `merchant_id`) VALUES (142, 34, '2020-09-23 00:21:24', '38.70', NULL, 14);
INSERT INTO `transaction` (`id`, `user_id`, `date`, `amount`, `description`, `merchant_id`) VALUES (143, 39, '2020-10-05 15:41:56', '23.44', NULL, 20);
INSERT INTO `transaction` (`id`, `user_id`, `date`, `amount`, `description`, `merchant_id`) VALUES (144, 8, '2020-09-26 07:10:53', '81.24', NULL, 11);
INSERT INTO `transaction` (`id`, `user_id`, `date`, `amount`, `description`, `merchant_id`) VALUES (145, 12, '2020-09-25 06:26:04', '4.98', NULL, 20);
INSERT INTO `transaction` (`id`, `user_id`, `date`, `amount`, `description`, `merchant_id`) VALUES (146, 1, '2020-09-10 14:15:36', '59.33', NULL, 14);
INSERT INTO `transaction` (`id`, `user_id`, `date`, `amount`, `description`, `merchant_id`) VALUES (147, 41, '2020-09-08 23:01:02', '41.38', NULL, 9);
INSERT INTO `transaction` (`id`, `user_id`, `date`, `amount`, `description`, `merchant_id`) VALUES (148, 33, '2020-09-13 15:52:50', '15.95', NULL, 15);
INSERT INTO `transaction` (`id`, `user_id`, `date`, `amount`, `description`, `merchant_id`) VALUES (149, 35, '2020-09-13 21:33:14', '24.17', NULL, 3);
INSERT INTO `transaction` (`id`, `user_id`, `date`, `amount`, `description`, `merchant_id`) VALUES (150, 43, '2020-09-10 04:52:40', '46.23', NULL, 18);
INSERT INTO `transaction` (`id`, `user_id`, `date`, `amount`, `description`, `merchant_id`) VALUES (151, 34, '2020-09-13 19:31:37', '35.51', NULL, 19);
INSERT INTO `transaction` (`id`, `user_id`, `date`, `amount`, `description`, `merchant_id`) VALUES (152, 11, '2020-10-01 05:24:19', '81.53', NULL, 16);
INSERT INTO `transaction` (`id`, `user_id`, `date`, `amount`, `description`, `merchant_id`) VALUES (153, 49, '2020-09-29 05:19:44', '83.07', NULL, 17);
INSERT INTO `transaction` (`id`, `user_id`, `date`, `amount`, `description`, `merchant_id`) VALUES (154, 50, '2020-09-23 11:44:59', '1.38', NULL, 14);
INSERT INTO `transaction` (`id`, `user_id`, `date`, `amount`, `description`, `merchant_id`) VALUES (155, 23, '2020-09-24 20:20:54', '76.06', NULL, 20);
INSERT INTO `transaction` (`id`, `user_id`, `date`, `amount`, `description`, `merchant_id`) VALUES (156, 3, '2020-09-30 12:46:31', '38.28', NULL, 4);
INSERT INTO `transaction` (`id`, `user_id`, `date`, `amount`, `description`, `merchant_id`) VALUES (157, 50, '2020-10-02 06:27:23', '33.10', NULL, 15);
INSERT INTO `transaction` (`id`, `user_id`, `date`, `amount`, `description`, `merchant_id`) VALUES (158, 43, '2020-09-28 10:20:10', '30.43', NULL, 16);
INSERT INTO `transaction` (`id`, `user_id`, `date`, `amount`, `description`, `merchant_id`) VALUES (159, 35, '2020-09-12 11:42:21', '75.46', NULL, 20);
INSERT INTO `transaction` (`id`, `user_id`, `date`, `amount`, `description`, `merchant_id`) VALUES (160, 14, '2020-09-19 12:27:37', '29.70', NULL, 19);
INSERT INTO `transaction` (`id`, `user_id`, `date`, `amount`, `description`, `merchant_id`) VALUES (161, 49, '2020-09-18 01:39:03', '30.86', NULL, 6);
INSERT INTO `transaction` (`id`, `user_id`, `date`, `amount`, `description`, `merchant_id`) VALUES (162, 30, '2020-09-21 23:16:58', '24.71', NULL, 16);
INSERT INTO `transaction` (`id`, `user_id`, `date`, `amount`, `description`, `merchant_id`) VALUES (163, 35, '2020-09-15 20:36:40', '7.04', NULL, 5);
INSERT INTO `transaction` (`id`, `user_id`, `date`, `amount`, `description`, `merchant_id`) VALUES (164, 25, '2020-10-05 00:41:57', '2.22', NULL, 8);
INSERT INTO `transaction` (`id`, `user_id`, `date`, `amount`, `description`, `merchant_id`) VALUES (165, 18, '2020-09-17 00:22:58', '10.36', NULL, 7);
INSERT INTO `transaction` (`id`, `user_id`, `date`, `amount`, `description`, `merchant_id`) VALUES (166, 13, '2020-10-03 10:18:34', '88.28', NULL, 1);
INSERT INTO `transaction` (`id`, `user_id`, `date`, `amount`, `description`, `merchant_id`) VALUES (167, 14, '2020-09-15 22:20:53', '77.02', NULL, 10);
INSERT INTO `transaction` (`id`, `user_id`, `date`, `amount`, `description`, `merchant_id`) VALUES (168, 40, '2020-09-18 19:41:25', '81.10', NULL, 5);
INSERT INTO `transaction` (`id`, `user_id`, `date`, `amount`, `description`, `merchant_id`) VALUES (169, 16, '2020-09-18 12:02:08', '1.52', NULL, 16);
INSERT INTO `transaction` (`id`, `user_id`, `date`, `amount`, `description`, `merchant_id`) VALUES (170, 46, '2020-09-06 14:20:37', '52.83', NULL, 16);
INSERT INTO `transaction` (`id`, `user_id`, `date`, `amount`, `description`, `merchant_id`) VALUES (171, 38, '2020-09-29 12:16:56', '15.78', NULL, 20);
INSERT INTO `transaction` (`id`, `user_id`, `date`, `amount`, `description`, `merchant_id`) VALUES (172, 48, '2020-09-06 08:48:57', '78.19', NULL, 15);
INSERT INTO `transaction` (`id`, `user_id`, `date`, `amount`, `description`, `merchant_id`) VALUES (173, 35, '2020-09-26 13:44:52', '86.58', NULL, 17);
INSERT INTO `transaction` (`id`, `user_id`, `date`, `amount`, `description`, `merchant_id`) VALUES (174, 26, '2020-09-16 02:40:13', '13.85', NULL, 8);
INSERT INTO `transaction` (`id`, `user_id`, `date`, `amount`, `description`, `merchant_id`) VALUES (175, 40, '2020-09-21 01:55:52', '33.96', NULL, 16);
INSERT INTO `transaction` (`id`, `user_id`, `date`, `amount`, `description`, `merchant_id`) VALUES (176, 14, '2020-09-11 13:18:23', '27.41', NULL, 16);
INSERT INTO `transaction` (`id`, `user_id`, `date`, `amount`, `description`, `merchant_id`) VALUES (177, 3, '2020-09-18 22:46:47', '56.76', NULL, 18);
INSERT INTO `transaction` (`id`, `user_id`, `date`, `amount`, `description`, `merchant_id`) VALUES (178, 27, '2020-09-07 04:51:28', '23.68', NULL, 15);
INSERT INTO `transaction` (`id`, `user_id`, `date`, `amount`, `description`, `merchant_id`) VALUES (179, 6, '2020-09-25 17:33:47', '2.89', NULL, 1);
INSERT INTO `transaction` (`id`, `user_id`, `date`, `amount`, `description`, `merchant_id`) VALUES (180, 6, '2020-10-01 16:33:36', '94.60', NULL, 9);
INSERT INTO `transaction` (`id`, `user_id`, `date`, `amount`, `description`, `merchant_id`) VALUES (181, 19, '2020-09-26 12:01:54', '84.66', NULL, 8);
INSERT INTO `transaction` (`id`, `user_id`, `date`, `amount`, `description`, `merchant_id`) VALUES (182, 24, '2020-09-29 09:48:17', '15.67', NULL, 13);
INSERT INTO `transaction` (`id`, `user_id`, `date`, `amount`, `description`, `merchant_id`) VALUES (183, 42, '2020-09-28 12:12:45', '38.07', NULL, 6);
INSERT INTO `transaction` (`id`, `user_id`, `date`, `amount`, `description`, `merchant_id`) VALUES (184, 44, '2020-09-10 10:43:40', '46.32', NULL, 4);
INSERT INTO `transaction` (`id`, `user_id`, `date`, `amount`, `description`, `merchant_id`) VALUES (185, 4, '2020-09-27 16:11:10', '75.29', NULL, 16);
INSERT INTO `transaction` (`id`, `user_id`, `date`, `amount`, `description`, `merchant_id`) VALUES (186, 47, '2020-09-30 18:20:28', '19.07', NULL, 17);
INSERT INTO `transaction` (`id`, `user_id`, `date`, `amount`, `description`, `merchant_id`) VALUES (187, 38, '2020-10-05 18:56:09', '12.62', NULL, 18);
INSERT INTO `transaction` (`id`, `user_id`, `date`, `amount`, `description`, `merchant_id`) VALUES (188, 28, '2020-09-22 03:54:24', '96.98', NULL, 9);
INSERT INTO `transaction` (`id`, `user_id`, `date`, `amount`, `description`, `merchant_id`) VALUES (189, 34, '2020-09-28 20:22:43', '25.09', NULL, 2);
INSERT INTO `transaction` (`id`, `user_id`, `date`, `amount`, `description`, `merchant_id`) VALUES (190, 40, '2020-09-29 02:37:36', '43.01', NULL, 10);
INSERT INTO `transaction` (`id`, `user_id`, `date`, `amount`, `description`, `merchant_id`) VALUES (191, 42, '2020-09-16 21:42:34', '61.78', NULL, 2);
INSERT INTO `transaction` (`id`, `user_id`, `date`, `amount`, `description`, `merchant_id`) VALUES (192, 12, '2020-09-25 18:43:07', '30.28', NULL, 18);
INSERT INTO `transaction` (`id`, `user_id`, `date`, `amount`, `description`, `merchant_id`) VALUES (193, 47, '2020-09-22 01:29:31', '33.36', NULL, 16);
INSERT INTO `transaction` (`id`, `user_id`, `date`, `amount`, `description`, `merchant_id`) VALUES (194, 32, '2020-09-28 23:03:13', '63.09', NULL, 1);
INSERT INTO `transaction` (`id`, `user_id`, `date`, `amount`, `description`, `merchant_id`) VALUES (195, 40, '2020-09-19 17:45:01', '31.79', NULL, 15);
INSERT INTO `transaction` (`id`, `user_id`, `date`, `amount`, `description`, `merchant_id`) VALUES (196, 25, '2020-09-21 19:25:50', '15.32', NULL, 3);
INSERT INTO `transaction` (`id`, `user_id`, `date`, `amount`, `description`, `merchant_id`) VALUES (197, 6, '2020-09-13 10:39:57', '77.41', NULL, 20);
INSERT INTO `transaction` (`id`, `user_id`, `date`, `amount`, `description`, `merchant_id`) VALUES (198, 39, '2020-09-26 11:19:44', '37.86', NULL, 19);
INSERT INTO `transaction` (`id`, `user_id`, `date`, `amount`, `description`, `merchant_id`) VALUES (199, 12, '2020-09-23 11:36:48', '66.81', NULL, 13);
INSERT INTO `transaction` (`id`, `user_id`, `date`, `amount`, `description`, `merchant_id`) VALUES (200, 5, '2020-09-25 16:38:25', '14.06', NULL, 6);
INSERT INTO `transaction` (`id`, `user_id`, `date`, `amount`, `description`, `merchant_id`) VALUES (201, 21, '2020-10-04 12:07:15', '69.98', NULL, 1);
INSERT INTO `transaction` (`id`, `user_id`, `date`, `amount`, `description`, `merchant_id`) VALUES (202, 6, '2020-09-15 23:07:24', '12.29', NULL, 4);
INSERT INTO `transaction` (`id`, `user_id`, `date`, `amount`, `description`, `merchant_id`) VALUES (203, 46, '2020-09-14 14:42:46', '86.57', NULL, 14);
INSERT INTO `transaction` (`id`, `user_id`, `date`, `amount`, `description`, `merchant_id`) VALUES (204, 30, '2020-10-02 17:30:20', '69.29', NULL, 12);
INSERT INTO `transaction` (`id`, `user_id`, `date`, `amount`, `description`, `merchant_id`) VALUES (205, 36, '2020-09-20 18:51:59', '28.24', NULL, 8);
INSERT INTO `transaction` (`id`, `user_id`, `date`, `amount`, `description`, `merchant_id`) VALUES (206, 3, '2020-09-29 22:02:55', '94.43', NULL, 11);
INSERT INTO `transaction` (`id`, `user_id`, `date`, `amount`, `description`, `merchant_id`) VALUES (207, 23, '2020-10-05 09:23:08', '19.32', NULL, 6);
INSERT INTO `transaction` (`id`, `user_id`, `date`, `amount`, `description`, `merchant_id`) VALUES (208, 22, '2020-09-07 13:05:44', '39.12', NULL, 8);
INSERT INTO `transaction` (`id`, `user_id`, `date`, `amount`, `description`, `merchant_id`) VALUES (209, 3, '2020-09-08 21:26:48', '65.38', NULL, 2);
INSERT INTO `transaction` (`id`, `user_id`, `date`, `amount`, `description`, `merchant_id`) VALUES (210, 22, '2020-09-06 20:09:15', '12.35', NULL, 17);
INSERT INTO `transaction` (`id`, `user_id`, `date`, `amount`, `description`, `merchant_id`) VALUES (211, 41, '2020-09-17 11:37:23', '75.75', NULL, 19);
INSERT INTO `transaction` (`id`, `user_id`, `date`, `amount`, `description`, `merchant_id`) VALUES (212, 50, '2020-09-13 05:43:47', '84.40', NULL, 19);
INSERT INTO `transaction` (`id`, `user_id`, `date`, `amount`, `description`, `merchant_id`) VALUES (213, 44, '2020-09-24 13:19:07', '65.77', NULL, 16);
INSERT INTO `transaction` (`id`, `user_id`, `date`, `amount`, `description`, `merchant_id`) VALUES (214, 44, '2020-10-01 11:54:22', '75.16', NULL, 3);
INSERT INTO `transaction` (`id`, `user_id`, `date`, `amount`, `description`, `merchant_id`) VALUES (215, 21, '2020-09-09 15:29:35', '89.39', NULL, 20);
INSERT INTO `transaction` (`id`, `user_id`, `date`, `amount`, `description`, `merchant_id`) VALUES (216, 21, '2020-09-23 14:46:03', '4.71', NULL, 17);
INSERT INTO `transaction` (`id`, `user_id`, `date`, `amount`, `description`, `merchant_id`) VALUES (217, 50, '2020-10-02 03:59:57', '6.07', NULL, 11);
INSERT INTO `transaction` (`id`, `user_id`, `date`, `amount`, `description`, `merchant_id`) VALUES (218, 50, '2020-10-01 04:44:27', '31.25', NULL, 18);
INSERT INTO `transaction` (`id`, `user_id`, `date`, `amount`, `description`, `merchant_id`) VALUES (219, 9, '2020-09-17 10:25:49', '95.96', NULL, 12);
INSERT INTO `transaction` (`id`, `user_id`, `date`, `amount`, `description`, `merchant_id`) VALUES (220, 24, '2020-09-19 04:06:33', '45.20', NULL, 18);
INSERT INTO `transaction` (`id`, `user_id`, `date`, `amount`, `description`, `merchant_id`) VALUES (221, 48, '2020-10-04 14:25:28', '92.17', NULL, 11);
INSERT INTO `transaction` (`id`, `user_id`, `date`, `amount`, `description`, `merchant_id`) VALUES (222, 22, '2020-09-23 06:17:36', '65.38', NULL, 9);
INSERT INTO `transaction` (`id`, `user_id`, `date`, `amount`, `description`, `merchant_id`) VALUES (223, 41, '2020-09-23 10:18:15', '2.12', NULL, 18);
INSERT INTO `transaction` (`id`, `user_id`, `date`, `amount`, `description`, `merchant_id`) VALUES (224, 41, '2020-09-26 13:08:00', '78.58', NULL, 18);
INSERT INTO `transaction` (`id`, `user_id`, `date`, `amount`, `description`, `merchant_id`) VALUES (225, 47, '2020-09-13 01:53:34', '98.71', NULL, 5);
INSERT INTO `transaction` (`id`, `user_id`, `date`, `amount`, `description`, `merchant_id`) VALUES (226, 36, '2020-09-29 10:18:12', '20.13', NULL, 15);
INSERT INTO `transaction` (`id`, `user_id`, `date`, `amount`, `description`, `merchant_id`) VALUES (227, 8, '2020-09-10 00:15:35', '77.36', NULL, 15);
INSERT INTO `transaction` (`id`, `user_id`, `date`, `amount`, `description`, `merchant_id`) VALUES (228, 34, '2020-09-15 18:37:06', '4.98', NULL, 1);
INSERT INTO `transaction` (`id`, `user_id`, `date`, `amount`, `description`, `merchant_id`) VALUES (229, 24, '2020-09-10 11:03:27', '89.98', NULL, 11);
INSERT INTO `transaction` (`id`, `user_id`, `date`, `amount`, `description`, `merchant_id`) VALUES (230, 7, '2020-09-21 11:30:47', '90.45', NULL, 18);
INSERT INTO `transaction` (`id`, `user_id`, `date`, `amount`, `description`, `merchant_id`) VALUES (231, 25, '2020-09-27 13:57:52', '79.73', NULL, 11);
INSERT INTO `transaction` (`id`, `user_id`, `date`, `amount`, `description`, `merchant_id`) VALUES (232, 36, '2020-09-23 02:59:27', '60.33', NULL, 10);
INSERT INTO `transaction` (`id`, `user_id`, `date`, `amount`, `description`, `merchant_id`) VALUES (233, 3, '2020-10-03 00:18:40', '45.99', NULL, 14);
INSERT INTO `transaction` (`id`, `user_id`, `date`, `amount`, `description`, `merchant_id`) VALUES (234, 19, '2020-09-18 03:50:10', '91.22', NULL, 5);
INSERT INTO `transaction` (`id`, `user_id`, `date`, `amount`, `description`, `merchant_id`) VALUES (235, 13, '2020-09-29 22:05:14', '36.83', NULL, 17);
INSERT INTO `transaction` (`id`, `user_id`, `date`, `amount`, `description`, `merchant_id`) VALUES (236, 6, '2020-09-17 15:16:23', '60.59', NULL, 5);
INSERT INTO `transaction` (`id`, `user_id`, `date`, `amount`, `description`, `merchant_id`) VALUES (237, 18, '2020-10-03 07:28:43', '54.10', NULL, 11);
INSERT INTO `transaction` (`id`, `user_id`, `date`, `amount`, `description`, `merchant_id`) VALUES (238, 31, '2020-09-30 11:09:23', '25.03', NULL, 4);
INSERT INTO `transaction` (`id`, `user_id`, `date`, `amount`, `description`, `merchant_id`) VALUES (239, 22, '2020-09-06 05:37:15', '85.90', NULL, 9);
INSERT INTO `transaction` (`id`, `user_id`, `date`, `amount`, `description`, `merchant_id`) VALUES (240, 3, '2020-09-19 22:34:34', '78.25', NULL, 8);
INSERT INTO `transaction` (`id`, `user_id`, `date`, `amount`, `description`, `merchant_id`) VALUES (241, 33, '2020-09-23 16:55:57', '17.83', NULL, 16);
INSERT INTO `transaction` (`id`, `user_id`, `date`, `amount`, `description`, `merchant_id`) VALUES (242, 6, '2020-09-10 03:26:21', '94.72', NULL, 17);
INSERT INTO `transaction` (`id`, `user_id`, `date`, `amount`, `description`, `merchant_id`) VALUES (243, 24, '2020-09-25 07:34:43', '98.35', NULL, 16);
INSERT INTO `transaction` (`id`, `user_id`, `date`, `amount`, `description`, `merchant_id`) VALUES (244, 42, '2020-09-11 13:19:10', '47.51', NULL, 19);
INSERT INTO `transaction` (`id`, `user_id`, `date`, `amount`, `description`, `merchant_id`) VALUES (245, 16, '2020-09-24 22:41:30', '33.60', NULL, 20);
INSERT INTO `transaction` (`id`, `user_id`, `date`, `amount`, `description`, `merchant_id`) VALUES (246, 41, '2020-10-04 17:24:21', '22.83', NULL, 16);
INSERT INTO `transaction` (`id`, `user_id`, `date`, `amount`, `description`, `merchant_id`) VALUES (247, 26, '2020-10-01 22:07:17', '36.64', NULL, 11);
INSERT INTO `transaction` (`id`, `user_id`, `date`, `amount`, `description`, `merchant_id`) VALUES (248, 14, '2020-09-30 20:51:20', '5.18', NULL, 12);
INSERT INTO `transaction` (`id`, `user_id`, `date`, `amount`, `description`, `merchant_id`) VALUES (249, 10, '2020-09-05 20:19:49', '88.09', NULL, 13);
INSERT INTO `transaction` (`id`, `user_id`, `date`, `amount`, `description`, `merchant_id`) VALUES (250, 40, '2020-09-08 06:44:30', '65.65', NULL, 10);
INSERT INTO `transaction` (`id`, `user_id`, `date`, `amount`, `description`, `merchant_id`) VALUES (251, 23, '2020-09-15 19:00:51', '56.62', NULL, 19);
INSERT INTO `transaction` (`id`, `user_id`, `date`, `amount`, `description`, `merchant_id`) VALUES (252, 34, '2020-09-30 10:12:21', '82.86', NULL, 17);
INSERT INTO `transaction` (`id`, `user_id`, `date`, `amount`, `description`, `merchant_id`) VALUES (253, 23, '2020-09-30 13:29:34', '84.13', NULL, 6);
INSERT INTO `transaction` (`id`, `user_id`, `date`, `amount`, `description`, `merchant_id`) VALUES (254, 50, '2020-10-01 23:48:19', '96.15', NULL, 18);
INSERT INTO `transaction` (`id`, `user_id`, `date`, `amount`, `description`, `merchant_id`) VALUES (255, 35, '2020-10-02 00:30:26', '74.91', NULL, 1);
INSERT INTO `transaction` (`id`, `user_id`, `date`, `amount`, `description`, `merchant_id`) VALUES (256, 12, '2020-10-03 20:57:31', '91.25', NULL, 7);
INSERT INTO `transaction` (`id`, `user_id`, `date`, `amount`, `description`, `merchant_id`) VALUES (257, 40, '2020-09-17 10:31:36', '27.43', NULL, 7);
INSERT INTO `transaction` (`id`, `user_id`, `date`, `amount`, `description`, `merchant_id`) VALUES (258, 8, '2020-09-27 21:56:42', '93.73', NULL, 6);
INSERT INTO `transaction` (`id`, `user_id`, `date`, `amount`, `description`, `merchant_id`) VALUES (259, 6, '2020-09-06 06:42:30', '88.29', NULL, 20);
INSERT INTO `transaction` (`id`, `user_id`, `date`, `amount`, `description`, `merchant_id`) VALUES (260, 10, '2020-09-23 03:19:54', '2.86', NULL, 9);
INSERT INTO `transaction` (`id`, `user_id`, `date`, `amount`, `description`, `merchant_id`) VALUES (261, 48, '2020-09-12 14:12:35', '54.85', NULL, 20);
INSERT INTO `transaction` (`id`, `user_id`, `date`, `amount`, `description`, `merchant_id`) VALUES (262, 11, '2020-09-11 03:23:14', '22.72', NULL, 10);
INSERT INTO `transaction` (`id`, `user_id`, `date`, `amount`, `description`, `merchant_id`) VALUES (263, 26, '2020-09-29 17:28:10', '58.37', NULL, 10);
INSERT INTO `transaction` (`id`, `user_id`, `date`, `amount`, `description`, `merchant_id`) VALUES (264, 2, '2020-09-09 11:04:07', '69.45', NULL, 14);
INSERT INTO `transaction` (`id`, `user_id`, `date`, `amount`, `description`, `merchant_id`) VALUES (265, 6, '2020-09-18 10:50:56', '85.64', NULL, 17);
INSERT INTO `transaction` (`id`, `user_id`, `date`, `amount`, `description`, `merchant_id`) VALUES (266, 8, '2020-10-03 11:48:07', '69.60', NULL, 12);
INSERT INTO `transaction` (`id`, `user_id`, `date`, `amount`, `description`, `merchant_id`) VALUES (267, 37, '2020-09-16 06:47:24', '37.30', NULL, 17);
INSERT INTO `transaction` (`id`, `user_id`, `date`, `amount`, `description`, `merchant_id`) VALUES (268, 20, '2020-09-27 22:18:24', '53.88', NULL, 4);
INSERT INTO `transaction` (`id`, `user_id`, `date`, `amount`, `description`, `merchant_id`) VALUES (269, 5, '2020-09-12 23:20:03', '22.77', NULL, 8);
INSERT INTO `transaction` (`id`, `user_id`, `date`, `amount`, `description`, `merchant_id`) VALUES (270, 4, '2020-09-20 23:44:18', '65.39', NULL, 16);
INSERT INTO `transaction` (`id`, `user_id`, `date`, `amount`, `description`, `merchant_id`) VALUES (271, 21, '2020-09-27 19:00:20', '23.07', NULL, 7);
INSERT INTO `transaction` (`id`, `user_id`, `date`, `amount`, `description`, `merchant_id`) VALUES (272, 7, '2020-10-02 19:41:49', '41.43', NULL, 4);
INSERT INTO `transaction` (`id`, `user_id`, `date`, `amount`, `description`, `merchant_id`) VALUES (273, 33, '2020-09-18 07:35:23', '39.80', NULL, 6);
INSERT INTO `transaction` (`id`, `user_id`, `date`, `amount`, `description`, `merchant_id`) VALUES (274, 23, '2020-09-19 16:57:40', '74.65', NULL, 16);
INSERT INTO `transaction` (`id`, `user_id`, `date`, `amount`, `description`, `merchant_id`) VALUES (275, 14, '2020-09-22 11:08:31', '69.75', NULL, 13);
INSERT INTO `transaction` (`id`, `user_id`, `date`, `amount`, `description`, `merchant_id`) VALUES (276, 10, '2020-09-21 04:02:17', '90.44', NULL, 5);
INSERT INTO `transaction` (`id`, `user_id`, `date`, `amount`, `description`, `merchant_id`) VALUES (277, 32, '2020-09-17 08:59:32', '48.27', NULL, 9);
INSERT INTO `transaction` (`id`, `user_id`, `date`, `amount`, `description`, `merchant_id`) VALUES (278, 34, '2020-09-18 12:29:31', '54.81', NULL, 3);
INSERT INTO `transaction` (`id`, `user_id`, `date`, `amount`, `description`, `merchant_id`) VALUES (279, 46, '2020-10-03 04:09:03', '59.98', NULL, 15);
INSERT INTO `transaction` (`id`, `user_id`, `date`, `amount`, `description`, `merchant_id`) VALUES (280, 42, '2020-09-24 19:07:41', '64.12', NULL, 1);
INSERT INTO `transaction` (`id`, `user_id`, `date`, `amount`, `description`, `merchant_id`) VALUES (281, 27, '2020-10-05 12:35:51', '34.24', NULL, 20);
INSERT INTO `transaction` (`id`, `user_id`, `date`, `amount`, `description`, `merchant_id`) VALUES (282, 30, '2020-09-12 14:40:22', '17.83', NULL, 6);
INSERT INTO `transaction` (`id`, `user_id`, `date`, `amount`, `description`, `merchant_id`) VALUES (283, 40, '2020-09-24 08:09:03', '79.07', NULL, 20);
INSERT INTO `transaction` (`id`, `user_id`, `date`, `amount`, `description`, `merchant_id`) VALUES (284, 23, '2020-09-15 18:03:49', '23.00', NULL, 18);
INSERT INTO `transaction` (`id`, `user_id`, `date`, `amount`, `description`, `merchant_id`) VALUES (285, 18, '2020-09-13 08:25:57', '51.54', NULL, 11);
INSERT INTO `transaction` (`id`, `user_id`, `date`, `amount`, `description`, `merchant_id`) VALUES (286, 33, '2020-09-21 14:25:00', '68.83', NULL, 16);
INSERT INTO `transaction` (`id`, `user_id`, `date`, `amount`, `description`, `merchant_id`) VALUES (287, 42, '2020-09-13 02:41:27', '72.92', NULL, 16);
INSERT INTO `transaction` (`id`, `user_id`, `date`, `amount`, `description`, `merchant_id`) VALUES (288, 48, '2020-09-29 14:30:04', '28.87', NULL, 10);
INSERT INTO `transaction` (`id`, `user_id`, `date`, `amount`, `description`, `merchant_id`) VALUES (289, 4, '2020-09-20 07:38:39', '55.18', NULL, 9);
INSERT INTO `transaction` (`id`, `user_id`, `date`, `amount`, `description`, `merchant_id`) VALUES (290, 13, '2020-09-26 06:48:17', '35.97', NULL, 7);
INSERT INTO `transaction` (`id`, `user_id`, `date`, `amount`, `description`, `merchant_id`) VALUES (291, 2, '2020-10-04 22:45:24', '62.76', NULL, 9);
INSERT INTO `transaction` (`id`, `user_id`, `date`, `amount`, `description`, `merchant_id`) VALUES (292, 27, '2020-09-11 02:32:05', '38.86', NULL, 14);
INSERT INTO `transaction` (`id`, `user_id`, `date`, `amount`, `description`, `merchant_id`) VALUES (293, 43, '2020-09-26 20:21:36', '65.49', NULL, 5);
INSERT INTO `transaction` (`id`, `user_id`, `date`, `amount`, `description`, `merchant_id`) VALUES (294, 40, '2020-09-21 03:23:30', '66.08', NULL, 15);
INSERT INTO `transaction` (`id`, `user_id`, `date`, `amount`, `description`, `merchant_id`) VALUES (295, 46, '2020-09-07 13:41:03', '36.06', NULL, 13);
INSERT INTO `transaction` (`id`, `user_id`, `date`, `amount`, `description`, `merchant_id`) VALUES (296, 39, '2020-09-26 17:49:11', '79.08', NULL, 9);
INSERT INTO `transaction` (`id`, `user_id`, `date`, `amount`, `description`, `merchant_id`) VALUES (297, 30, '2020-09-29 06:18:59', '93.61', NULL, 8);
INSERT INTO `transaction` (`id`, `user_id`, `date`, `amount`, `description`, `merchant_id`) VALUES (298, 35, '2020-09-22 23:23:21', '6.28', NULL, 8);
INSERT INTO `transaction` (`id`, `user_id`, `date`, `amount`, `description`, `merchant_id`) VALUES (299, 17, '2020-09-16 20:16:25', '90.16', NULL, 3);
INSERT INTO `transaction` (`id`, `user_id`, `date`, `amount`, `description`, `merchant_id`) VALUES (300, 13, '2020-09-27 20:20:20', '60.29', NULL, 14);
INSERT INTO `transaction` (`id`, `user_id`, `date`, `amount`, `description`, `merchant_id`) VALUES (301, 33, '2020-09-10 07:15:53', '51.49', NULL, 19);
INSERT INTO `transaction` (`id`, `user_id`, `date`, `amount`, `description`, `merchant_id`) VALUES (302, 23, '2020-09-23 05:10:46', '67.61', NULL, 10);
INSERT INTO `transaction` (`id`, `user_id`, `date`, `amount`, `description`, `merchant_id`) VALUES (303, 35, '2020-09-07 06:40:29', '50.12', NULL, 8);
INSERT INTO `transaction` (`id`, `user_id`, `date`, `amount`, `description`, `merchant_id`) VALUES (304, 48, '2020-09-06 12:13:28', '65.27', NULL, 16);
INSERT INTO `transaction` (`id`, `user_id`, `date`, `amount`, `description`, `merchant_id`) VALUES (305, 40, '2020-09-12 18:17:38', '1.18', NULL, 4);
INSERT INTO `transaction` (`id`, `user_id`, `date`, `amount`, `description`, `merchant_id`) VALUES (306, 4, '2020-09-21 12:54:57', '59.42', NULL, 17);
INSERT INTO `transaction` (`id`, `user_id`, `date`, `amount`, `description`, `merchant_id`) VALUES (307, 32, '2020-09-12 02:50:38', '37.87', NULL, 13);
INSERT INTO `transaction` (`id`, `user_id`, `date`, `amount`, `description`, `merchant_id`) VALUES (308, 25, '2020-09-18 12:01:37', '94.91', NULL, 10);
INSERT INTO `transaction` (`id`, `user_id`, `date`, `amount`, `description`, `merchant_id`) VALUES (309, 42, '2020-09-12 17:58:38', '5.57', NULL, 6);
INSERT INTO `transaction` (`id`, `user_id`, `date`, `amount`, `description`, `merchant_id`) VALUES (310, 11, '2020-10-01 19:22:30', '87.77', NULL, 15);
INSERT INTO `transaction` (`id`, `user_id`, `date`, `amount`, `description`, `merchant_id`) VALUES (311, 46, '2020-09-22 22:37:14', '56.62', NULL, 20);
INSERT INTO `transaction` (`id`, `user_id`, `date`, `amount`, `description`, `merchant_id`) VALUES (312, 9, '2020-09-17 12:25:31', '95.55', NULL, 10);
INSERT INTO `transaction` (`id`, `user_id`, `date`, `amount`, `description`, `merchant_id`) VALUES (313, 17, '2020-09-14 05:40:16', '32.38', NULL, 18);
INSERT INTO `transaction` (`id`, `user_id`, `date`, `amount`, `description`, `merchant_id`) VALUES (314, 44, '2020-09-11 00:31:18', '84.90', NULL, 14);
INSERT INTO `transaction` (`id`, `user_id`, `date`, `amount`, `description`, `merchant_id`) VALUES (315, 50, '2020-09-08 17:20:24', '46.49', NULL, 3);
INSERT INTO `transaction` (`id`, `user_id`, `date`, `amount`, `description`, `merchant_id`) VALUES (316, 18, '2020-09-29 00:24:10', '57.47', NULL, 13);
INSERT INTO `transaction` (`id`, `user_id`, `date`, `amount`, `description`, `merchant_id`) VALUES (317, 2, '2020-09-29 17:54:55', '92.09', NULL, 16);
INSERT INTO `transaction` (`id`, `user_id`, `date`, `amount`, `description`, `merchant_id`) VALUES (318, 6, '2020-10-04 08:44:51', '56.65', NULL, 15);
INSERT INTO `transaction` (`id`, `user_id`, `date`, `amount`, `description`, `merchant_id`) VALUES (319, 10, '2020-09-20 03:55:18', '10.52', NULL, 2);
INSERT INTO `transaction` (`id`, `user_id`, `date`, `amount`, `description`, `merchant_id`) VALUES (320, 24, '2020-09-21 04:30:11', '55.82', NULL, 20);
INSERT INTO `transaction` (`id`, `user_id`, `date`, `amount`, `description`, `merchant_id`) VALUES (321, 13, '2020-09-10 17:59:56', '78.59', NULL, 12);
INSERT INTO `transaction` (`id`, `user_id`, `date`, `amount`, `description`, `merchant_id`) VALUES (322, 42, '2020-09-17 23:15:14', '50.28', NULL, 18);
INSERT INTO `transaction` (`id`, `user_id`, `date`, `amount`, `description`, `merchant_id`) VALUES (323, 9, '2020-09-30 06:45:16', '86.77', NULL, 7);
INSERT INTO `transaction` (`id`, `user_id`, `date`, `amount`, `description`, `merchant_id`) VALUES (324, 17, '2020-09-08 07:07:31', '84.38', NULL, 20);
INSERT INTO `transaction` (`id`, `user_id`, `date`, `amount`, `description`, `merchant_id`) VALUES (325, 31, '2020-09-21 16:43:43', '68.36', NULL, 12);
INSERT INTO `transaction` (`id`, `user_id`, `date`, `amount`, `description`, `merchant_id`) VALUES (326, 36, '2020-09-09 21:51:15', '47.95', NULL, 11);
INSERT INTO `transaction` (`id`, `user_id`, `date`, `amount`, `description`, `merchant_id`) VALUES (327, 27, '2020-09-14 06:30:37', '64.99', NULL, 18);
INSERT INTO `transaction` (`id`, `user_id`, `date`, `amount`, `description`, `merchant_id`) VALUES (328, 1, '2020-09-24 22:17:57', '81.35', NULL, 18);
INSERT INTO `transaction` (`id`, `user_id`, `date`, `amount`, `description`, `merchant_id`) VALUES (329, 37, '2020-09-20 08:18:15', '9.20', NULL, 18);
INSERT INTO `transaction` (`id`, `user_id`, `date`, `amount`, `description`, `merchant_id`) VALUES (330, 28, '2020-09-30 21:45:36', '38.69', NULL, 15);
INSERT INTO `transaction` (`id`, `user_id`, `date`, `amount`, `description`, `merchant_id`) VALUES (331, 1, '2020-09-06 01:14:59', '19.08', NULL, 19);
INSERT INTO `transaction` (`id`, `user_id`, `date`, `amount`, `description`, `merchant_id`) VALUES (332, 18, '2020-10-02 10:45:13', '79.88', NULL, 1);
INSERT INTO `transaction` (`id`, `user_id`, `date`, `amount`, `description`, `merchant_id`) VALUES (333, 35, '2020-09-15 08:03:18', '31.20', NULL, 10);
INSERT INTO `transaction` (`id`, `user_id`, `date`, `amount`, `description`, `merchant_id`) VALUES (334, 38, '2020-10-02 18:51:09', '57.49', NULL, 18);
INSERT INTO `transaction` (`id`, `user_id`, `date`, `amount`, `description`, `merchant_id`) VALUES (335, 27, '2020-09-30 04:51:36', '35.45', NULL, 5);
INSERT INTO `transaction` (`id`, `user_id`, `date`, `amount`, `description`, `merchant_id`) VALUES (336, 45, '2020-09-24 18:09:35', '71.97', NULL, 16);
INSERT INTO `transaction` (`id`, `user_id`, `date`, `amount`, `description`, `merchant_id`) VALUES (337, 40, '2020-09-11 23:55:06', '71.26', NULL, 15);
INSERT INTO `transaction` (`id`, `user_id`, `date`, `amount`, `description`, `merchant_id`) VALUES (338, 32, '2020-09-13 21:29:30', '98.60', NULL, 20);
INSERT INTO `transaction` (`id`, `user_id`, `date`, `amount`, `description`, `merchant_id`) VALUES (339, 2, '2020-09-23 19:20:50', '29.06', NULL, 20);
INSERT INTO `transaction` (`id`, `user_id`, `date`, `amount`, `description`, `merchant_id`) VALUES (340, 48, '2020-09-13 17:57:56', '18.75', NULL, 13);
INSERT INTO `transaction` (`id`, `user_id`, `date`, `amount`, `description`, `merchant_id`) VALUES (341, 26, '2020-09-22 20:49:53', '5.89', NULL, 14);
INSERT INTO `transaction` (`id`, `user_id`, `date`, `amount`, `description`, `merchant_id`) VALUES (342, 9, '2020-09-23 14:49:56', '62.57', NULL, 2);
INSERT INTO `transaction` (`id`, `user_id`, `date`, `amount`, `description`, `merchant_id`) VALUES (343, 28, '2020-09-23 05:31:02', '75.78', NULL, 4);
INSERT INTO `transaction` (`id`, `user_id`, `date`, `amount`, `description`, `merchant_id`) VALUES (344, 47, '2020-09-21 08:01:47', '81.59', NULL, 6);
INSERT INTO `transaction` (`id`, `user_id`, `date`, `amount`, `description`, `merchant_id`) VALUES (345, 3, '2020-09-11 01:30:54', '37.42', NULL, 10);
INSERT INTO `transaction` (`id`, `user_id`, `date`, `amount`, `description`, `merchant_id`) VALUES (346, 50, '2020-09-20 05:50:14', '57.84', NULL, 2);
INSERT INTO `transaction` (`id`, `user_id`, `date`, `amount`, `description`, `merchant_id`) VALUES (347, 19, '2020-09-24 12:44:37', '91.08', NULL, 8);
INSERT INTO `transaction` (`id`, `user_id`, `date`, `amount`, `description`, `merchant_id`) VALUES (348, 5, '2020-09-15 22:00:46', '47.95', NULL, 2);
INSERT INTO `transaction` (`id`, `user_id`, `date`, `amount`, `description`, `merchant_id`) VALUES (349, 42, '2020-09-07 10:35:15', '79.52', NULL, 17);
INSERT INTO `transaction` (`id`, `user_id`, `date`, `amount`, `description`, `merchant_id`) VALUES (350, 48, '2020-09-15 12:30:06', '4.74', NULL, 8);
INSERT INTO `transaction` (`id`, `user_id`, `date`, `amount`, `description`, `merchant_id`) VALUES (351, 5, '2020-10-02 08:54:43', '79.91', NULL, 17);
INSERT INTO `transaction` (`id`, `user_id`, `date`, `amount`, `description`, `merchant_id`) VALUES (352, 7, '2020-09-30 17:28:44', '69.33', NULL, 18);
INSERT INTO `transaction` (`id`, `user_id`, `date`, `amount`, `description`, `merchant_id`) VALUES (353, 28, '2020-09-09 13:52:53', '21.10', NULL, 16);
INSERT INTO `transaction` (`id`, `user_id`, `date`, `amount`, `description`, `merchant_id`) VALUES (354, 42, '2020-10-02 13:19:24', '46.88', NULL, 12);
INSERT INTO `transaction` (`id`, `user_id`, `date`, `amount`, `description`, `merchant_id`) VALUES (355, 37, '2020-09-13 21:30:07', '73.14', NULL, 16);
INSERT INTO `transaction` (`id`, `user_id`, `date`, `amount`, `description`, `merchant_id`) VALUES (356, 12, '2020-09-15 04:25:06', '51.96', NULL, 6);
INSERT INTO `transaction` (`id`, `user_id`, `date`, `amount`, `description`, `merchant_id`) VALUES (357, 23, '2020-10-05 04:18:37', '59.82', NULL, 8);
INSERT INTO `transaction` (`id`, `user_id`, `date`, `amount`, `description`, `merchant_id`) VALUES (358, 16, '2020-09-10 20:43:06', '26.11', NULL, 20);
INSERT INTO `transaction` (`id`, `user_id`, `date`, `amount`, `description`, `merchant_id`) VALUES (359, 29, '2020-09-09 00:42:47', '25.02', NULL, 5);
INSERT INTO `transaction` (`id`, `user_id`, `date`, `amount`, `description`, `merchant_id`) VALUES (360, 14, '2020-09-08 08:25:04', '63.30', NULL, 13);
INSERT INTO `transaction` (`id`, `user_id`, `date`, `amount`, `description`, `merchant_id`) VALUES (361, 35, '2020-09-21 17:10:54', '50.10', NULL, 6);
INSERT INTO `transaction` (`id`, `user_id`, `date`, `amount`, `description`, `merchant_id`) VALUES (362, 34, '2020-09-09 08:31:55', '28.21', NULL, 2);
INSERT INTO `transaction` (`id`, `user_id`, `date`, `amount`, `description`, `merchant_id`) VALUES (363, 32, '2020-09-25 03:58:09', '34.63', NULL, 16);
INSERT INTO `transaction` (`id`, `user_id`, `date`, `amount`, `description`, `merchant_id`) VALUES (364, 7, '2020-09-11 12:37:51', '56.62', NULL, 10);
INSERT INTO `transaction` (`id`, `user_id`, `date`, `amount`, `description`, `merchant_id`) VALUES (365, 31, '2020-09-28 21:00:43', '48.31', NULL, 2);
INSERT INTO `transaction` (`id`, `user_id`, `date`, `amount`, `description`, `merchant_id`) VALUES (366, 42, '2020-09-17 17:48:54', '98.49', NULL, 15);
INSERT INTO `transaction` (`id`, `user_id`, `date`, `amount`, `description`, `merchant_id`) VALUES (367, 47, '2020-09-14 16:44:41', '51.64', NULL, 20);
INSERT INTO `transaction` (`id`, `user_id`, `date`, `amount`, `description`, `merchant_id`) VALUES (368, 29, '2020-09-13 04:01:05', '7.64', NULL, 10);
INSERT INTO `transaction` (`id`, `user_id`, `date`, `amount`, `description`, `merchant_id`) VALUES (369, 36, '2020-10-02 19:46:38', '46.66', NULL, 9);
INSERT INTO `transaction` (`id`, `user_id`, `date`, `amount`, `description`, `merchant_id`) VALUES (370, 4, '2020-09-16 17:03:06', '60.51', NULL, 9);
INSERT INTO `transaction` (`id`, `user_id`, `date`, `amount`, `description`, `merchant_id`) VALUES (371, 10, '2020-09-12 06:25:09', '91.93', NULL, 7);
INSERT INTO `transaction` (`id`, `user_id`, `date`, `amount`, `description`, `merchant_id`) VALUES (372, 35, '2020-09-08 22:45:03', '71.23', NULL, 13);
INSERT INTO `transaction` (`id`, `user_id`, `date`, `amount`, `description`, `merchant_id`) VALUES (373, 35, '2020-09-22 02:39:16', '61.99', NULL, 1);
INSERT INTO `transaction` (`id`, `user_id`, `date`, `amount`, `description`, `merchant_id`) VALUES (374, 33, '2020-09-08 07:30:19', '62.23', NULL, 6);
INSERT INTO `transaction` (`id`, `user_id`, `date`, `amount`, `description`, `merchant_id`) VALUES (375, 12, '2020-09-13 03:06:21', '76.97', NULL, 19);
INSERT INTO `transaction` (`id`, `user_id`, `date`, `amount`, `description`, `merchant_id`) VALUES (376, 45, '2020-09-25 21:37:26', '16.00', NULL, 19);
INSERT INTO `transaction` (`id`, `user_id`, `date`, `amount`, `description`, `merchant_id`) VALUES (377, 10, '2020-09-15 08:28:33', '23.26', NULL, 12);
INSERT INTO `transaction` (`id`, `user_id`, `date`, `amount`, `description`, `merchant_id`) VALUES (378, 50, '2020-09-12 19:52:06', '76.40', NULL, 17);
INSERT INTO `transaction` (`id`, `user_id`, `date`, `amount`, `description`, `merchant_id`) VALUES (379, 17, '2020-09-18 20:47:22', '25.46', NULL, 3);
INSERT INTO `transaction` (`id`, `user_id`, `date`, `amount`, `description`, `merchant_id`) VALUES (380, 15, '2020-09-17 14:44:36', '39.24', NULL, 19);
INSERT INTO `transaction` (`id`, `user_id`, `date`, `amount`, `description`, `merchant_id`) VALUES (381, 12, '2020-09-06 06:35:38', '2.60', NULL, 3);
INSERT INTO `transaction` (`id`, `user_id`, `date`, `amount`, `description`, `merchant_id`) VALUES (382, 33, '2020-09-15 05:00:52', '14.60', NULL, 4);
INSERT INTO `transaction` (`id`, `user_id`, `date`, `amount`, `description`, `merchant_id`) VALUES (383, 3, '2020-09-06 04:20:58', '15.56', NULL, 5);
INSERT INTO `transaction` (`id`, `user_id`, `date`, `amount`, `description`, `merchant_id`) VALUES (384, 33, '2020-09-24 20:47:31', '78.75', NULL, 16);
INSERT INTO `transaction` (`id`, `user_id`, `date`, `amount`, `description`, `merchant_id`) VALUES (385, 32, '2020-09-19 03:40:00', '45.15', NULL, 15);
INSERT INTO `transaction` (`id`, `user_id`, `date`, `amount`, `description`, `merchant_id`) VALUES (386, 12, '2020-09-29 21:59:15', '85.55', NULL, 17);
INSERT INTO `transaction` (`id`, `user_id`, `date`, `amount`, `description`, `merchant_id`) VALUES (387, 2, '2020-09-11 07:35:33', '24.03', NULL, 19);
INSERT INTO `transaction` (`id`, `user_id`, `date`, `amount`, `description`, `merchant_id`) VALUES (388, 25, '2020-09-11 06:19:35', '80.58', NULL, 15);
INSERT INTO `transaction` (`id`, `user_id`, `date`, `amount`, `description`, `merchant_id`) VALUES (389, 47, '2020-09-16 11:59:48', '30.00', NULL, 3);
INSERT INTO `transaction` (`id`, `user_id`, `date`, `amount`, `description`, `merchant_id`) VALUES (390, 50, '2020-10-04 18:39:51', '95.86', NULL, 4);
INSERT INTO `transaction` (`id`, `user_id`, `date`, `amount`, `description`, `merchant_id`) VALUES (391, 3, '2020-09-17 03:56:09', '10.75', NULL, 18);
INSERT INTO `transaction` (`id`, `user_id`, `date`, `amount`, `description`, `merchant_id`) VALUES (392, 4, '2020-10-02 06:14:36', '31.75', NULL, 5);
INSERT INTO `transaction` (`id`, `user_id`, `date`, `amount`, `description`, `merchant_id`) VALUES (393, 22, '2020-10-02 00:48:43', '5.12', NULL, 2);
INSERT INTO `transaction` (`id`, `user_id`, `date`, `amount`, `description`, `merchant_id`) VALUES (394, 3, '2020-09-20 19:47:38', '87.05', NULL, 16);
INSERT INTO `transaction` (`id`, `user_id`, `date`, `amount`, `description`, `merchant_id`) VALUES (395, 11, '2020-09-14 04:47:23', '53.06', NULL, 7);
INSERT INTO `transaction` (`id`, `user_id`, `date`, `amount`, `description`, `merchant_id`) VALUES (396, 36, '2020-09-09 21:54:34', '45.21', NULL, 9);
INSERT INTO `transaction` (`id`, `user_id`, `date`, `amount`, `description`, `merchant_id`) VALUES (397, 23, '2020-09-13 10:11:00', '41.09', NULL, 8);
INSERT INTO `transaction` (`id`, `user_id`, `date`, `amount`, `description`, `merchant_id`) VALUES (398, 31, '2020-09-25 10:41:21', '83.92', NULL, 11);
INSERT INTO `transaction` (`id`, `user_id`, `date`, `amount`, `description`, `merchant_id`) VALUES (399, 30, '2020-09-21 15:00:20', '43.71', NULL, 6);
INSERT INTO `transaction` (`id`, `user_id`, `date`, `amount`, `description`, `merchant_id`) VALUES (400, 15, '2020-09-09 02:18:30', '90.00', NULL, 5);
INSERT INTO `transaction` (`id`, `user_id`, `date`, `amount`, `description`, `merchant_id`) VALUES (401, 1, '2020-09-21 16:00:02', '74.56', NULL, 11);
INSERT INTO `transaction` (`id`, `user_id`, `date`, `amount`, `description`, `merchant_id`) VALUES (402, 4, '2020-09-30 10:38:11', '35.00', NULL, 1);
INSERT INTO `transaction` (`id`, `user_id`, `date`, `amount`, `description`, `merchant_id`) VALUES (403, 22, '2020-10-01 19:55:41', '33.60', NULL, 11);
INSERT INTO `transaction` (`id`, `user_id`, `date`, `amount`, `description`, `merchant_id`) VALUES (404, 39, '2020-09-14 16:29:25', '12.01', NULL, 7);
INSERT INTO `transaction` (`id`, `user_id`, `date`, `amount`, `description`, `merchant_id`) VALUES (405, 34, '2020-09-27 07:39:33', '27.07', NULL, 16);
INSERT INTO `transaction` (`id`, `user_id`, `date`, `amount`, `description`, `merchant_id`) VALUES (406, 25, '2020-09-23 15:13:22', '88.41', NULL, 15);
INSERT INTO `transaction` (`id`, `user_id`, `date`, `amount`, `description`, `merchant_id`) VALUES (407, 32, '2020-10-02 14:39:02', '81.33', NULL, 12);
INSERT INTO `transaction` (`id`, `user_id`, `date`, `amount`, `description`, `merchant_id`) VALUES (408, 48, '2020-09-19 00:30:24', '32.15', NULL, 2);
INSERT INTO `transaction` (`id`, `user_id`, `date`, `amount`, `description`, `merchant_id`) VALUES (409, 33, '2020-09-22 08:34:12', '14.27', NULL, 20);
INSERT INTO `transaction` (`id`, `user_id`, `date`, `amount`, `description`, `merchant_id`) VALUES (410, 42, '2020-10-03 07:05:29', '53.00', NULL, 18);
INSERT INTO `transaction` (`id`, `user_id`, `date`, `amount`, `description`, `merchant_id`) VALUES (411, 17, '2020-09-16 08:24:38', '39.11', NULL, 12);
INSERT INTO `transaction` (`id`, `user_id`, `date`, `amount`, `description`, `merchant_id`) VALUES (412, 16, '2020-09-14 08:56:14', '91.74', NULL, 16);
INSERT INTO `transaction` (`id`, `user_id`, `date`, `amount`, `description`, `merchant_id`) VALUES (413, 46, '2020-09-19 13:51:00', '39.22', NULL, 19);
INSERT INTO `transaction` (`id`, `user_id`, `date`, `amount`, `description`, `merchant_id`) VALUES (414, 15, '2020-09-30 11:51:18', '35.09', NULL, 10);
INSERT INTO `transaction` (`id`, `user_id`, `date`, `amount`, `description`, `merchant_id`) VALUES (415, 11, '2020-09-10 13:31:12', '46.79', NULL, 12);
INSERT INTO `transaction` (`id`, `user_id`, `date`, `amount`, `description`, `merchant_id`) VALUES (416, 37, '2020-09-24 15:57:11', '58.80', NULL, 5);
INSERT INTO `transaction` (`id`, `user_id`, `date`, `amount`, `description`, `merchant_id`) VALUES (417, 4, '2020-09-20 08:13:56', '10.78', NULL, 16);
INSERT INTO `transaction` (`id`, `user_id`, `date`, `amount`, `description`, `merchant_id`) VALUES (418, 13, '2020-10-03 05:39:14', '90.85', NULL, 11);
INSERT INTO `transaction` (`id`, `user_id`, `date`, `amount`, `description`, `merchant_id`) VALUES (419, 17, '2020-09-18 06:49:51', '57.66', NULL, 1);
INSERT INTO `transaction` (`id`, `user_id`, `date`, `amount`, `description`, `merchant_id`) VALUES (420, 43, '2020-09-29 09:06:13', '30.60', NULL, 20);
INSERT INTO `transaction` (`id`, `user_id`, `date`, `amount`, `description`, `merchant_id`) VALUES (421, 39, '2020-09-26 22:56:20', '98.64', NULL, 7);
INSERT INTO `transaction` (`id`, `user_id`, `date`, `amount`, `description`, `merchant_id`) VALUES (422, 36, '2020-09-21 04:36:58', '87.97', NULL, 8);
INSERT INTO `transaction` (`id`, `user_id`, `date`, `amount`, `description`, `merchant_id`) VALUES (423, 47, '2020-09-10 04:36:42', '90.01', NULL, 13);
INSERT INTO `transaction` (`id`, `user_id`, `date`, `amount`, `description`, `merchant_id`) VALUES (424, 24, '2020-09-24 02:50:34', '83.86', NULL, 12);
INSERT INTO `transaction` (`id`, `user_id`, `date`, `amount`, `description`, `merchant_id`) VALUES (425, 33, '2020-09-29 20:19:14', '73.25', NULL, 7);
INSERT INTO `transaction` (`id`, `user_id`, `date`, `amount`, `description`, `merchant_id`) VALUES (426, 23, '2020-09-27 08:36:07', '18.35', NULL, 20);
INSERT INTO `transaction` (`id`, `user_id`, `date`, `amount`, `description`, `merchant_id`) VALUES (427, 43, '2020-09-07 13:11:26', '46.57', NULL, 16);
INSERT INTO `transaction` (`id`, `user_id`, `date`, `amount`, `description`, `merchant_id`) VALUES (428, 39, '2020-09-17 08:32:37', '98.12', NULL, 16);
INSERT INTO `transaction` (`id`, `user_id`, `date`, `amount`, `description`, `merchant_id`) VALUES (429, 35, '2020-09-28 14:17:43', '64.60', NULL, 2);
INSERT INTO `transaction` (`id`, `user_id`, `date`, `amount`, `description`, `merchant_id`) VALUES (430, 14, '2020-09-09 16:06:30', '69.20', NULL, 19);
INSERT INTO `transaction` (`id`, `user_id`, `date`, `amount`, `description`, `merchant_id`) VALUES (431, 33, '2020-10-03 02:18:50', '28.36', NULL, 20);
INSERT INTO `transaction` (`id`, `user_id`, `date`, `amount`, `description`, `merchant_id`) VALUES (432, 6, '2020-09-22 10:44:05', '3.59', NULL, 15);
INSERT INTO `transaction` (`id`, `user_id`, `date`, `amount`, `description`, `merchant_id`) VALUES (433, 40, '2020-09-11 15:46:44', '87.63', NULL, 8);
INSERT INTO `transaction` (`id`, `user_id`, `date`, `amount`, `description`, `merchant_id`) VALUES (434, 12, '2020-09-13 11:58:39', '42.10', NULL, 3);
INSERT INTO `transaction` (`id`, `user_id`, `date`, `amount`, `description`, `merchant_id`) VALUES (435, 19, '2020-09-19 01:44:09', '55.99', NULL, 2);
INSERT INTO `transaction` (`id`, `user_id`, `date`, `amount`, `description`, `merchant_id`) VALUES (436, 6, '2020-09-09 23:17:54', '11.71', NULL, 3);
INSERT INTO `transaction` (`id`, `user_id`, `date`, `amount`, `description`, `merchant_id`) VALUES (437, 21, '2020-09-20 23:42:30', '74.96', NULL, 17);
INSERT INTO `transaction` (`id`, `user_id`, `date`, `amount`, `description`, `merchant_id`) VALUES (438, 26, '2020-09-22 14:36:25', '63.20', NULL, 7);
INSERT INTO `transaction` (`id`, `user_id`, `date`, `amount`, `description`, `merchant_id`) VALUES (439, 24, '2020-09-29 21:00:35', '95.12', NULL, 20);
INSERT INTO `transaction` (`id`, `user_id`, `date`, `amount`, `description`, `merchant_id`) VALUES (440, 47, '2020-09-11 12:59:10', '65.26', NULL, 3);
INSERT INTO `transaction` (`id`, `user_id`, `date`, `amount`, `description`, `merchant_id`) VALUES (441, 15, '2020-09-26 15:50:15', '44.60', NULL, 8);
INSERT INTO `transaction` (`id`, `user_id`, `date`, `amount`, `description`, `merchant_id`) VALUES (442, 5, '2020-09-26 14:56:46', '59.82', NULL, 3);
INSERT INTO `transaction` (`id`, `user_id`, `date`, `amount`, `description`, `merchant_id`) VALUES (443, 8, '2020-09-22 07:36:50', '52.60', NULL, 18);
INSERT INTO `transaction` (`id`, `user_id`, `date`, `amount`, `description`, `merchant_id`) VALUES (444, 46, '2020-09-25 04:50:35', '78.95', NULL, 17);
INSERT INTO `transaction` (`id`, `user_id`, `date`, `amount`, `description`, `merchant_id`) VALUES (445, 47, '2020-09-05 20:47:29', '60.36', NULL, 4);
INSERT INTO `transaction` (`id`, `user_id`, `date`, `amount`, `description`, `merchant_id`) VALUES (446, 38, '2020-09-24 19:48:09', '31.52', NULL, 12);
INSERT INTO `transaction` (`id`, `user_id`, `date`, `amount`, `description`, `merchant_id`) VALUES (447, 9, '2020-09-21 11:36:19', '73.78', NULL, 18);
INSERT INTO `transaction` (`id`, `user_id`, `date`, `amount`, `description`, `merchant_id`) VALUES (448, 15, '2020-09-18 00:18:09', '53.70', NULL, 20);
INSERT INTO `transaction` (`id`, `user_id`, `date`, `amount`, `description`, `merchant_id`) VALUES (449, 12, '2020-09-07 16:11:41', '95.87', NULL, 11);
INSERT INTO `transaction` (`id`, `user_id`, `date`, `amount`, `description`, `merchant_id`) VALUES (450, 4, '2020-09-10 23:37:41', '43.81', NULL, 12);
INSERT INTO `transaction` (`id`, `user_id`, `date`, `amount`, `description`, `merchant_id`) VALUES (451, 30, '2020-10-04 07:08:19', '97.39', NULL, 4);
INSERT INTO `transaction` (`id`, `user_id`, `date`, `amount`, `description`, `merchant_id`) VALUES (452, 36, '2020-09-16 02:02:53', '76.74', NULL, 1);
INSERT INTO `transaction` (`id`, `user_id`, `date`, `amount`, `description`, `merchant_id`) VALUES (453, 1, '2020-09-25 20:08:16', '74.14', NULL, 5);
INSERT INTO `transaction` (`id`, `user_id`, `date`, `amount`, `description`, `merchant_id`) VALUES (454, 18, '2020-09-20 03:29:42', '61.66', NULL, 10);
INSERT INTO `transaction` (`id`, `user_id`, `date`, `amount`, `description`, `merchant_id`) VALUES (455, 11, '2020-09-07 23:47:46', '37.91', NULL, 6);
INSERT INTO `transaction` (`id`, `user_id`, `date`, `amount`, `description`, `merchant_id`) VALUES (456, 30, '2020-09-13 02:10:28', '3.42', NULL, 10);
INSERT INTO `transaction` (`id`, `user_id`, `date`, `amount`, `description`, `merchant_id`) VALUES (457, 33, '2020-10-03 03:12:07', '95.08', NULL, 14);
INSERT INTO `transaction` (`id`, `user_id`, `date`, `amount`, `description`, `merchant_id`) VALUES (458, 32, '2020-09-27 05:33:19', '13.73', NULL, 16);
INSERT INTO `transaction` (`id`, `user_id`, `date`, `amount`, `description`, `merchant_id`) VALUES (459, 28, '2020-10-05 12:00:35', '19.50', NULL, 12);
INSERT INTO `transaction` (`id`, `user_id`, `date`, `amount`, `description`, `merchant_id`) VALUES (460, 32, '2020-10-01 18:45:41', '99.90', NULL, 10);
INSERT INTO `transaction` (`id`, `user_id`, `date`, `amount`, `description`, `merchant_id`) VALUES (461, 37, '2020-09-11 08:52:00', '95.60', NULL, 8);
INSERT INTO `transaction` (`id`, `user_id`, `date`, `amount`, `description`, `merchant_id`) VALUES (462, 4, '2020-09-11 13:26:24', '66.73', NULL, 19);
INSERT INTO `transaction` (`id`, `user_id`, `date`, `amount`, `description`, `merchant_id`) VALUES (463, 13, '2020-09-07 16:19:52', '72.47', NULL, 8);
INSERT INTO `transaction` (`id`, `user_id`, `date`, `amount`, `description`, `merchant_id`) VALUES (464, 44, '2020-09-10 03:22:29', '81.50', NULL, 10);
INSERT INTO `transaction` (`id`, `user_id`, `date`, `amount`, `description`, `merchant_id`) VALUES (465, 45, '2020-09-10 14:57:56', '58.54', NULL, 19);
INSERT INTO `transaction` (`id`, `user_id`, `date`, `amount`, `description`, `merchant_id`) VALUES (466, 3, '2020-09-20 14:34:25', '58.77', NULL, 10);
INSERT INTO `transaction` (`id`, `user_id`, `date`, `amount`, `description`, `merchant_id`) VALUES (467, 7, '2020-10-05 15:52:47', '99.90', NULL, 16);
INSERT INTO `transaction` (`id`, `user_id`, `date`, `amount`, `description`, `merchant_id`) VALUES (468, 25, '2020-09-23 09:13:12', '51.01', NULL, 3);
INSERT INTO `transaction` (`id`, `user_id`, `date`, `amount`, `description`, `merchant_id`) VALUES (469, 49, '2020-09-25 19:17:30', '39.99', NULL, 17);
INSERT INTO `transaction` (`id`, `user_id`, `date`, `amount`, `description`, `merchant_id`) VALUES (470, 31, '2020-09-16 11:24:04', '51.08', NULL, 4);
INSERT INTO `transaction` (`id`, `user_id`, `date`, `amount`, `description`, `merchant_id`) VALUES (471, 6, '2020-09-11 19:16:48', '13.63', NULL, 4);
INSERT INTO `transaction` (`id`, `user_id`, `date`, `amount`, `description`, `merchant_id`) VALUES (472, 34, '2020-10-04 16:56:50', '79.68', NULL, 16);
INSERT INTO `transaction` (`id`, `user_id`, `date`, `amount`, `description`, `merchant_id`) VALUES (473, 45, '2020-10-02 06:12:25', '58.67', NULL, 7);
INSERT INTO `transaction` (`id`, `user_id`, `date`, `amount`, `description`, `merchant_id`) VALUES (474, 28, '2020-09-24 18:42:03', '32.33', NULL, 9);
INSERT INTO `transaction` (`id`, `user_id`, `date`, `amount`, `description`, `merchant_id`) VALUES (475, 44, '2020-09-12 09:16:38', '16.44', NULL, 4);
INSERT INTO `transaction` (`id`, `user_id`, `date`, `amount`, `description`, `merchant_id`) VALUES (476, 47, '2020-09-08 20:07:14', '67.84', NULL, 13);
INSERT INTO `transaction` (`id`, `user_id`, `date`, `amount`, `description`, `merchant_id`) VALUES (477, 29, '2020-10-02 23:15:11', '2.64', NULL, 1);
INSERT INTO `transaction` (`id`, `user_id`, `date`, `amount`, `description`, `merchant_id`) VALUES (478, 27, '2020-10-03 15:27:05', '6.02', NULL, 17);
INSERT INTO `transaction` (`id`, `user_id`, `date`, `amount`, `description`, `merchant_id`) VALUES (479, 20, '2020-09-24 22:14:57', '37.36', NULL, 9);
INSERT INTO `transaction` (`id`, `user_id`, `date`, `amount`, `description`, `merchant_id`) VALUES (480, 15, '2020-09-28 16:40:39', '24.41', NULL, 6);
INSERT INTO `transaction` (`id`, `user_id`, `date`, `amount`, `description`, `merchant_id`) VALUES (481, 18, '2020-09-07 08:54:12', '6.26', NULL, 7);
INSERT INTO `transaction` (`id`, `user_id`, `date`, `amount`, `description`, `merchant_id`) VALUES (482, 38, '2020-09-21 11:30:24', '23.86', NULL, 10);
INSERT INTO `transaction` (`id`, `user_id`, `date`, `amount`, `description`, `merchant_id`) VALUES (483, 5, '2020-09-21 08:28:42', '34.27', NULL, 5);
INSERT INTO `transaction` (`id`, `user_id`, `date`, `amount`, `description`, `merchant_id`) VALUES (484, 32, '2020-09-06 20:57:30', '70.03', NULL, 2);
INSERT INTO `transaction` (`id`, `user_id`, `date`, `amount`, `description`, `merchant_id`) VALUES (485, 4, '2020-09-10 06:33:00', '16.63', NULL, 5);
INSERT INTO `transaction` (`id`, `user_id`, `date`, `amount`, `description`, `merchant_id`) VALUES (486, 13, '2020-09-09 12:52:34', '65.98', NULL, 4);
INSERT INTO `transaction` (`id`, `user_id`, `date`, `amount`, `description`, `merchant_id`) VALUES (487, 22, '2020-09-21 09:54:37', '59.02', NULL, 19);
INSERT INTO `transaction` (`id`, `user_id`, `date`, `amount`, `description`, `merchant_id`) VALUES (488, 47, '2020-09-20 13:53:00', '54.01', NULL, 7);
INSERT INTO `transaction` (`id`, `user_id`, `date`, `amount`, `description`, `merchant_id`) VALUES (489, 13, '2020-09-07 07:11:13', '92.68', NULL, 10);
INSERT INTO `transaction` (`id`, `user_id`, `date`, `amount`, `description`, `merchant_id`) VALUES (490, 38, '2020-09-08 13:28:11', '44.81', NULL, 3);
INSERT INTO `transaction` (`id`, `user_id`, `date`, `amount`, `description`, `merchant_id`) VALUES (491, 34, '2020-09-29 07:16:53', '22.54', NULL, 14);
INSERT INTO `transaction` (`id`, `user_id`, `date`, `amount`, `description`, `merchant_id`) VALUES (492, 37, '2020-10-05 11:21:28', '91.38', NULL, 5);
INSERT INTO `transaction` (`id`, `user_id`, `date`, `amount`, `description`, `merchant_id`) VALUES (493, 35, '2020-09-09 21:03:29', '64.97', NULL, 6);
INSERT INTO `transaction` (`id`, `user_id`, `date`, `amount`, `description`, `merchant_id`) VALUES (494, 3, '2020-09-06 16:06:57', '55.98', NULL, 2);
INSERT INTO `transaction` (`id`, `user_id`, `date`, `amount`, `description`, `merchant_id`) VALUES (495, 34, '2020-09-14 11:37:59', '30.21', NULL, 7);
INSERT INTO `transaction` (`id`, `user_id`, `date`, `amount`, `description`, `merchant_id`) VALUES (496, 18, '2020-10-04 12:20:36', '74.24', NULL, 1);
INSERT INTO `transaction` (`id`, `user_id`, `date`, `amount`, `description`, `merchant_id`) VALUES (497, 35, '2020-09-20 06:18:06', '4.67', NULL, 3);
INSERT INTO `transaction` (`id`, `user_id`, `date`, `amount`, `description`, `merchant_id`) VALUES (498, 26, '2020-09-27 00:10:56', '34.17', NULL, 16);
INSERT INTO `transaction` (`id`, `user_id`, `date`, `amount`, `description`, `merchant_id`) VALUES (499, 18, '2020-10-03 13:20:00', '46.85', NULL, 3);
INSERT INTO `transaction` (`id`, `user_id`, `date`, `amount`, `description`, `merchant_id`) VALUES (500, 43, '2020-09-18 09:04:45', '46.33', NULL, 9);
